#
# A fatal error has been detected by the Java Runtime Environment:
#
#  EXCEPTION_ACCESS_VIOLATION (0xc0000005) at pc=0x00007ffacd09c995, pid=45360, tid=33312
#
# JRE version: OpenJDK Runtime Environment Temurin-21.0.8+9 (21.0.8+9) (build 21.0.8+9-LTS)
# Java VM: OpenJDK 64-Bit Server VM Temurin-21.0.8+9 (21.0.8+9-LTS, mixed mode, tiered, compressed oops, compressed class ptrs, g1 gc, windows-amd64)
# Problematic frame:
# V  [jvm.dll+0x31c995]
#
# No core dump will be written. Minidumps are not enabled by default on client versions of Windows
#
# If you would like to submit a bug report, please visit:
#   https://github.com/adoptium/adoptium-support/issues
#

---------------  S U M M A R Y ------------

Command Line: -Xms64m -Xmx2048m -Dapp.name=ltex-ls-plus -Dapp.repo=c:\Users\Daniel\.vscode\extensions\ltex-plus.vscode-ltex-plus-15.6.1\lib\ltex-ls-plus-18.6.1\lib -Dapp.home=c:\Users\Daniel\.vscode\extensions\ltex-plus.vscode-ltex-plus-15.6.1\lib\ltex-ls-plus-18.6.1 -Dbasedir=c:\Users\Daniel\.vscode\extensions\ltex-plus.vscode-ltex-plus-15.6.1\lib\ltex-ls-plus-18.6.1 org.bsplines.ltexls.LtexLanguageServerLauncher

Host: AMD Ryzen 9 5950X 16-Core Processor            , 32 cores, 63G,  Windows 11 , 64 bit Build 26100 (10.0.26100.7623)
Time: Sat Jan 31 09:33:40 2026 elapsed time: 4305.374066 seconds (0d 1h 11m 45s)

---------------  T H R E A D  ---------------

Current thread (0x0000020dbbb986e0):  WorkerThread "G1 Conc#1"      [id=33312, stack(0x000000ce63200000,0x000000ce63300000) (1024K)]

Stack: [0x000000ce63200000,0x000000ce63300000],  sp=0x000000ce632ffa40,  free space=1022k
Native frames: (J=compiled Java code, j=interpreted, Vv=VM code, C=native code)
V  [jvm.dll+0x31c995]
V  [jvm.dll+0x31c82f]
V  [jvm.dll+0x31b82d]
V  [jvm.dll+0x33ab0c]
V  [jvm.dll+0x33752f]
V  [jvm.dll+0x336d0a]
V  [jvm.dll+0x33a2a6]
V  [jvm.dll+0x8dc2e7]
V  [jvm.dll+0x857e6b]
V  [jvm.dll+0x6d0b0d]
C  [ucrtbase.dll+0x37b0]
C  [KERNEL32.DLL+0x2e8d7]
C  [ntdll.dll+0x8c53c]


siginfo: EXCEPTION_ACCESS_VIOLATION (0xc0000005), reading address 0x000002159cd14b80


Registers:
RAX=0x0000020d9cd18b00, RBX=0x0000020d9cd58990, RCX=0x0000000000000014, RDX=0x0000000000000000
RSP=0x000000ce632ffa40, RBP=0x0000000000000000, RSI=0x0000020d9cd44350, RDI=0x0000000001000000
R8 =0x0000000001000000, R9 =0x00000000fffff810, R10=0x0000020d9ccf9f40, R11=0x0000000000000003
R12=0x0000000000000000, R13=0xaaaaaaaaaaaaaaab, R14=0x0000000000000000, R15=0x0000020dbb175c10
RIP=0x00007ffacd09c995, EFLAGS=0x0000000000010212

XMM[0]=0x0000000000000000 0x0000000000000800
XMM[1]=0x0000000000000000 0x0000000000000000
XMM[2]=0x0000000000000000 0x0000000000000000
XMM[3]=0x0000000000000000 0x0000000000000000
XMM[4]=0x0000000000000000 0x0000000000000000
XMM[5]=0x0000000000000000 0x0000000000000000
XMM[6]=0x0000000000000000 0x3ff1549106c6aab0
XMM[7]=0x0000000000000000 0x408f400000000000
XMM[8]=0x0000000000000000 0x0000000000000000
XMM[9]=0x0000000000000000 0x0000000000000000
XMM[10]=0x0000000000000000 0x0000000000000000
XMM[11]=0x0000000000000000 0x0000000000000000
XMM[12]=0x0000000000000000 0x0000000000000000
XMM[13]=0x0000000000000000 0x0000000000000000
XMM[14]=0x0000000000000000 0x0000000000000000
XMM[15]=0x0000000000000000 0x0000000000000000
  MXCSR=0x00001fa0


Register to memory mapping:

RAX=0x0000020d9cd18b00 points into unknown readable memory: 0x0000020d9cd68100 | 00 81 d6 9c 0d 02 00 00
RBX=0x0000020d9cd58990 points into unknown readable memory: 0x00007ffacd7ac6c8 | c8 c6 7a cd fa 7f 00 00
RCX=0x0000000000000014 is an unknown value
RDX=0x0 is null
RSP=0x000000ce632ffa40 points into unknown readable memory: 0x00000000009fbd8e | 8e bd 9f 00 00 00 00 00
RBP=0x0 is null
RSI=0x0000020d9cd44350 points into unknown readable memory: 0x0000020d9cd55b80 | 80 5b d5 9c 0d 02 00 00
RDI=0x0000000001000000 is an unknown value
R8 =0x0000000001000000 is an unknown value
R9 =0x00000000fffff810 is an oop: java.lang.Integer 
{0x00000000fffff810} - klass: 'java/lang/Integer'
 - ---- fields (total size 2 words):
 - private final 'value' 'I' @12  18314 (0x0000478a)
R10=0x0000020d9ccf9f40 points into unknown readable memory: 0x00007ffacd7aad50 | 50 ad 7a cd fa 7f 00 00
R11=0x0000000000000003 is an unknown value
R12=0x0 is null
R13=0xaaaaaaaaaaaaaaab is an unknown value
R14=0x0 is null
R15=0x0000020dbb175c10 points into unknown readable memory: 0x6e616c2e6176616a | 6a 61 76 61 2e 6c 61 6e

Top of Stack: (sp=0x000000ce632ffa40)
0x000000ce632ffa40:   00000000009fbd8e 000000000a920d06
0x000000ce632ffa50:   0000088ad2bad6a6 0000000000000000
0x000000ce632ffa60:   0000000001000000 00007ffacd09c82f
0x000000ce632ffa70:   0000020d9cd58990 0000000095900000
0x000000ce632ffa80:   00000000959cc000 00007ffacd44acbc
0x000000ce632ffa90:   000000ce632ffbc0 00007ffacd09b82d
0x000000ce632ffaa0:   00000000959c8ea8 0000000000000000
0x000000ce632ffab0:   000000ce632ffae0 0000000000000001
0x000000ce632ffac0:   0000020d9cd58998 00007ffacd0bab0c
0x000000ce632ffad0:   0000000095900000 00000000959c8000
0x000000ce632ffae0:   0000000000000800 00000000009fbd8e
0x000000ce632ffaf0:   00000000959c8000 0000000000000800
0x000000ce632ffb00:   00000000959c8000 00007ffacd0b752f
0x000000ce632ffb10:   0000020d9cd58990 0000000000000000
0x000000ce632ffb20:   0000000000000000 00007ffacd0b8abe
0x000000ce632ffb30:   0000000000000001 0000020d9cd58990
0x000000ce632ffb40:   000000ce60eff301 0000000000000000
0x000000ce632ffb50:   0000000095904000 00007ffacd0b6d0a
0x000000ce632ffb60:   0000000095904000 0000000000000000
0x000000ce632ffb70:   00000000959c8001 0000003d00000000
0x000000ce632ffb80:   0000020d9cd44350 0000020d9cd58990
0x000000ce632ffb90:   00000000ffd00000 0000000000020000
0x000000ce632ffba0:   00000000ffd00000 0000000000020000
0x000000ce632ffbb0:   00007ffacda32de0 0000020d9a600a01
0x000000ce632ffbc0:   00007ffacd7ac6e8 0000020db4756980
0x000000ce632ffbd0:   0000000000000003 0000020d9ccf9f40
0x000000ce632ffbe0:   0000020d9cd58990 00007ffacd420133
0x000000ce632ffbf0:   c215b08487b51fbe 0000000000000000
0x000000ce632ffc00:   0000000000000000 0000000000000000
0x000000ce632ffc10:   0000020dbb175c10 0000020dbc2e4fb0
0x000000ce632ffc20:   0000020dbb175fe8 0000000000000000
0x000000ce632ffc30:   0000020dbc56ac10 000000ce60eff3e0 

Instructions: (pc=0x00007ffacd09c995)
0x00007ffacd09c895:   05 75 35 48 8b 83 a8 00 00 00 48 39 83 a0 00 00
0x00007ffacd09c8a5:   00 73 10 48 8b 83 c0 00 00 00 48 39 83 b8 00 00
0x00007ffacd09c8b5:   00 72 7f 48 8b cb e8 10 c1 01 00 b0 01 48 8b 5c
0x00007ffacd09c8c5:   24 30 48 83 c4 20 5f c3 48 8b 53 30 44 8b 82 80
0x00007ffacd09c8d5:   00 00 00 8b 82 00 01 00 00 41 8b c8 2b c8 81 e1
0x00007ffacd09c8e5:   ff ff 01 00 81 f9 fe ff 01 00 72 2c 48 8b cb e8
0x00007ffacd09c8f5:   d7 b4 01 00 48 8b 53 30 44 8b 82 80 00 00 00 8b
0x00007ffacd09c905:   82 00 01 00 00 41 8b c8 2b c8 81 e1 ff ff 01 00
0x00007ffacd09c915:   81 f9 fe ff 01 00 73 1a 48 8b 82 80 01 00 00 4a
0x00007ffacd09c925:   89 3c c0 41 8d 40 01 25 ff ff 01 00 89 82 80 00
0x00007ffacd09c935:   00 00 48 8b 5c 24 30 b0 01 48 83 c4 20 5f c3 cc
0x00007ffacd09c945:   cc cc cc cc cc cc cc cc cc cc cc 48 89 6c 24 10
0x00007ffacd09c955:   48 89 74 24 18 57 48 83 ec 20 4c 8b 51 08 48 8b
0x00007ffacd09c965:   f1 4d 8b c8 8b ea 49 8b f8 41 8b 8a 18 02 00 00
0x00007ffacd09c975:   49 8b 82 10 02 00 00 48 d3 e0 8b 0d 2b 0b 98 00
0x00007ffacd09c985:   4c 2b c8 49 8b 82 f8 01 00 00 49 d3 e9 45 8b c9
0x00007ffacd09c995:   4a 8b 04 c8 48 8b 40 60 4c 3b c0 72 12 32 c0 48
0x00007ffacd09c9a5:   8b 6c 24 38 48 8b 74 24 40 48 83 c4 20 5f c3 48
0x00007ffacd09c9b5:   8b 46 10 48 8d 4e 10 48 8b d7 48 89 5c 24 30 ff
0x00007ffacd09c9c5:   10 8b 4e 28 48 8b d7 48 2b 56 18 48 8b 46 30 48
0x00007ffacd09c9d5:   c1 ea 03 48 d3 ea 48 8b ca 48 c1 e9 06 4c 8d 04
0x00007ffacd09c9e5:   c8 0f b6 ca 49 8b 00 80 e1 3f ba 01 00 00 00 48
0x00007ffacd09c9f5:   d3 e2 48 8b c8 48 0b ca 48 3b c8 74 12 f0 49 0f
0x00007ffacd09ca05:   b1 08 74 25 48 8b c8 48 0b ca 48 3b c8 75 ee 32
0x00007ffacd09ca15:   db 48 8b 6c 24 38 0f b6 c3 48 8b 5c 24 30 48 8b
0x00007ffacd09ca25:   74 24 40 48 83 c4 20 5f c3 80 3d 3a 4b 91 00 00
0x00007ffacd09ca35:   b3 01 74 15 8b 57 08 8b 0d f6 35 91 00 48 d3 e2
0x00007ffacd09ca45:   48 03 15 e4 35 91 00 eb 04 48 8b 57 08 48 8b cf
0x00007ffacd09ca55:   e8 f6 fa ce ff 48 8b 8e b8 02 00 00 4c 8b d8 4c
0x00007ffacd09ca65:   8b 0c e9 49 8b 51 18 8b 8a 18 02 00 00 4c 8b 82
0x00007ffacd09ca75:   10 02 00 00 41 8b 51 60 49 d3 e0 8b 0d 2a 0a 98
0x00007ffacd09ca85:   00 49 2b f8 48 d3 ef 44 8b d7 49 23 d2 48 c1 e2 


Stack slot to memory mapping:

stack at sp + 0 slots: 0x00000000009fbd8e is an unknown value
stack at sp + 1 slots: 0x000000000a920d06 is an unknown value
stack at sp + 2 slots: 0x0000088ad2bad6a6 is an unknown value
stack at sp + 3 slots: 0x0 is null
stack at sp + 4 slots: 0x0000000001000000 is an unknown value
stack at sp + 5 slots: 0x00007ffacd09c82f jvm.dll
stack at sp + 6 slots: 0x0000020d9cd58990 points into unknown readable memory: 0x00007ffacd7ac6c8 | c8 c6 7a cd fa 7f 00 00
stack at sp + 7 slots: 0x0000000095900000 is an oop: [Ljava.util.HashMap$Node; 
{0x0000000095900000} - klass: 'java/util/HashMap$Node'[]
 - length: 262144


---------------  P R O C E S S  ---------------

Threads class SMR info:
_java_thread_list=0x0000020dc2343680, length=13, elements={
0x0000020d9cce7d20, 0x0000020dba0a41c0, 0x0000020dba0a4820, 0x0000020dba0a95d0,
0x0000020dba0aa020, 0x0000020dba0aaa70, 0x0000020dba0e1070, 0x0000020dba0eb6a0,
0x0000020dba111370, 0x0000020dba36f9d0, 0x0000020dba33b140, 0x0000020dc20e5030,
0x0000020dbfe47cf0
}

Java Threads: ( => current thread )
  0x0000020d9cce7d20 JavaThread "main"                              [_thread_blocked, id=11200, stack(0x000000ce60c00000,0x000000ce60d00000) (1024K)]
  0x0000020dba0a41c0 JavaThread "Reference Handler"          daemon [_thread_blocked, id=48676, stack(0x000000ce61400000,0x000000ce61500000) (1024K)]
  0x0000020dba0a4820 JavaThread "Finalizer"                  daemon [_thread_blocked, id=35640, stack(0x000000ce61500000,0x000000ce61600000) (1024K)]
  0x0000020dba0a95d0 JavaThread "Signal Dispatcher"          daemon [_thread_blocked, id=47144, stack(0x000000ce61600000,0x000000ce61700000) (1024K)]
  0x0000020dba0aa020 JavaThread "Attach Listener"            daemon [_thread_blocked, id=31480, stack(0x000000ce61700000,0x000000ce61800000) (1024K)]
  0x0000020dba0aaa70 JavaThread "Service Thread"             daemon [_thread_blocked, id=3908, stack(0x000000ce61800000,0x000000ce61900000) (1024K)]
  0x0000020dba0e1070 JavaThread "Monitor Deflation Thread"   daemon [_thread_blocked, id=49824, stack(0x000000ce61900000,0x000000ce61a00000) (1024K)]
  0x0000020dba0eb6a0 JavaThread "C2 CompilerThread0"         daemon [_thread_blocked, id=44388, stack(0x000000ce61a00000,0x000000ce61b00000) (1024K)]
  0x0000020dba111370 JavaThread "C1 CompilerThread0"         daemon [_thread_blocked, id=35152, stack(0x000000ce61b00000,0x000000ce61c00000) (1024K)]
  0x0000020dba36f9d0 JavaThread "Notification Thread"        daemon [_thread_blocked, id=47968, stack(0x000000ce61d00000,0x000000ce61e00000) (1024K)]
  0x0000020dba33b140 JavaThread "Common-Cleaner"             daemon [_thread_blocked, id=36088, stack(0x000000ce61e00000,0x000000ce61f00000) (1024K)]
  0x0000020dc20e5030 JavaThread "pool-2-thread-1"                   [_thread_in_native, id=50624, stack(0x000000ce62700000,0x000000ce62800000) (1024K)]
  0x0000020dbfe47cf0 JavaThread "pool-1-thread-1"                   [_thread_in_Java, id=40012, stack(0x000000ce62800000,0x000000ce62900000) (1024K)]
Total: 13

Other Threads:
  0x0000020db477bc40 VMThread "VM Thread"                           [id=25608, stack(0x000000ce61300000,0x000000ce61400000) (1024K)]
  0x0000020db4743070 WatcherThread "VM Periodic Task Thread"        [id=47240, stack(0x000000ce61200000,0x000000ce61300000) (1024K)]
  0x0000020d9cd43d60 WorkerThread "GC Thread#0"                     [id=15120, stack(0x000000ce60d00000,0x000000ce60e00000) (1024K)]
  0x0000020dbb10f3a0 WorkerThread "GC Thread#1"                     [id=14028, stack(0x000000ce62100000,0x000000ce62200000) (1024K)]
  0x0000020dbb032850 WorkerThread "GC Thread#2"                     [id=16616, stack(0x000000ce62200000,0x000000ce62300000) (1024K)]
  0x0000020dbb032bf0 WorkerThread "GC Thread#3"                     [id=30184, stack(0x000000ce62300000,0x000000ce62400000) (1024K)]
  0x0000020dbb032f90 WorkerThread "GC Thread#4"                     [id=44556, stack(0x000000ce62400000,0x000000ce62500000) (1024K)]
  0x0000020dbb033330 WorkerThread "GC Thread#5"                     [id=34140, stack(0x000000ce62500000,0x000000ce62600000) (1024K)]
  0x0000020dbb622030 WorkerThread "GC Thread#6"                     [id=35892, stack(0x000000ce62c00000,0x000000ce62d00000) (1024K)]
  0x0000020dbb6223d0 WorkerThread "GC Thread#7"                     [id=35188, stack(0x000000ce62d00000,0x000000ce62e00000) (1024K)]
  0x0000020dbbb97c00 WorkerThread "GC Thread#8"                     [id=16420, stack(0x000000ce62e00000,0x000000ce62f00000) (1024K)]
  0x0000020dbbb98340 WorkerThread "GC Thread#9"                     [id=39756, stack(0x000000ce62f00000,0x000000ce63000000) (1024K)]
  0x0000020dbbb974c0 WorkerThread "GC Thread#10"                    [id=34960, stack(0x000000ce63000000,0x000000ce63100000) (1024K)]
  0x0000020dbbb97fa0 WorkerThread "GC Thread#11"                    [id=30180, stack(0x000000ce63100000,0x000000ce63200000) (1024K)]
  0x0000020dbba61f90 WorkerThread "GC Thread#12"                    [id=33704, stack(0x000000ce63b00000,0x000000ce63c00000) (1024K)]
  0x0000020dbba626d0 WorkerThread "GC Thread#13"                    [id=45820, stack(0x000000ce63c00000,0x000000ce63d00000) (1024K)]
  0x0000020dbba609d0 WorkerThread "GC Thread#14"                    [id=43164, stack(0x000000ce63d00000,0x000000ce63e00000) (1024K)]
  0x0000020dbba5fb50 WorkerThread "GC Thread#15"                    [id=39052, stack(0x000000ce63e00000,0x000000ce63f00000) (1024K)]
  0x0000020dbba62330 WorkerThread "GC Thread#16"                    [id=35248, stack(0x000000ce63f00000,0x000000ce64000000) (1024K)]
  0x0000020dbba62a70 WorkerThread "GC Thread#17"                    [id=3428, stack(0x000000ce64000000,0x000000ce64100000) (1024K)]
  0x0000020dbba62e10 WorkerThread "GC Thread#18"                    [id=40356, stack(0x000000ce64100000,0x000000ce64200000) (1024K)]
  0x0000020dbba631b0 WorkerThread "GC Thread#19"                    [id=37756, stack(0x000000ce64200000,0x000000ce64300000) (1024K)]
  0x0000020dbba63550 WorkerThread "GC Thread#20"                    [id=47248, stack(0x000000ce64300000,0x000000ce64400000) (1024K)]
  0x0000020dbba60630 WorkerThread "GC Thread#21"                    [id=45812, stack(0x000000ce64400000,0x000000ce64500000) (1024K)]
  0x0000020dbba614b0 WorkerThread "GC Thread#22"                    [id=47804, stack(0x000000ce64700000,0x000000ce64800000) (1024K)]
  0x0000020d9cd55b80 ConcurrentGCThread "G1 Main Marker"            [id=6204, stack(0x000000ce60e00000,0x000000ce60f00000) (1024K)]
  0x0000020d9cd56580 WorkerThread "G1 Conc#0"                       [id=20348, stack(0x000000ce60f00000,0x000000ce61000000) (1024K)]
=>0x0000020dbbb986e0 WorkerThread "G1 Conc#1"                       [id=33312, stack(0x000000ce63200000,0x000000ce63300000) (1024K)]
  0x0000020dbbb98a80 WorkerThread "G1 Conc#2"                       [id=24396, stack(0x000000ce63300000,0x000000ce63400000) (1024K)]
  0x0000020dbbb97860 WorkerThread "G1 Conc#3"                       [id=1544, stack(0x000000ce63400000,0x000000ce63500000) (1024K)]
  0x0000020dbbb98e20 WorkerThread "G1 Conc#4"                       [id=44952, stack(0x000000ce63500000,0x000000ce63600000) (1024K)]
  0x0000020dbba61bf0 WorkerThread "G1 Conc#5"                       [id=50944, stack(0x000000ce63600000,0x000000ce63700000) (1024K)]
  0x0000020d9cd996f0 ConcurrentGCThread "G1 Refine#0"               [id=31608, stack(0x000000ce61000000,0x000000ce61100000) (1024K)]
  0x0000020d9cd9b010 ConcurrentGCThread "G1 Service"                [id=50432, stack(0x000000ce61100000,0x000000ce61200000) (1024K)]
Total: 34

Threads with active compile tasks:
Total: 0

VM state: not at safepoint (normal execution)

VM Mutex/Monitor currently owned by a thread: None

Heap address: 0x0000000080000000, size: 2048 MB, Compressed Oops mode: 32-bit

CDS archive(s) not mapped
Compressed class space mapped at: 0x0000000100000000-0x0000000140000000, reserved size: 1073741824
Narrow klass base: 0x0000000000000000, Narrow klass shift: 3, Narrow klass range: 0x140000000

GC Precious Log:
 CardTable entry size: 512
 Card Set container configuration: InlinePtr #cards 5 size 8 Array Of Cards #cards 12 size 40 Howl #buckets 4 coarsen threshold 1843 Howl Bitmap #cards 512 size 80 coarsen threshold 460 Card regions per heap region 1 cards per card region 2048
 CPUs: 32 total, 32 available
 Memory: 65460M
 Large Page Support: Disabled
 NUMA Support: Disabled
 Compressed Oops: Enabled (32-bit)
 Heap Region Size: 1M
 Heap Min Capacity: 64M
 Heap Initial Capacity: 64M
 Heap Max Capacity: 2G
 Pre-touch: Disabled
 Parallel Workers: 23
 Concurrent Workers: 6
 Concurrent Refinement Workers: 23
 Periodic GC: Disabled

Heap:
 garbage-first heap   total 834560K, used 747774K [0x0000000080000000, 0x0000000100000000)
  region size 1024K, 261 young (267264K), 2 survivors (2048K)
 Metaspace       used 39136K, committed 39488K, reserved 1114112K
  class space    used 3921K, committed 4096K, reserved 1048576K

Heap Regions: E=young(eden), S=young(survivor), O=old, HS=humongous(starts), HC=humongous(continues), CS=collection set, F=free, TAMS=top-at-mark-start, PB=parsable bottom
|   0|0x0000000080000000, 0x0000000080100000, 0x0000000080100000|100%| O|  |TAMS 0x0000000080100000| PB 0x0000000080000000| Untracked 
|   1|0x0000000080100000, 0x0000000080200000, 0x0000000080200000|100%| O|  |TAMS 0x0000000080200000| PB 0x0000000080100000| Untracked 
|   2|0x0000000080200000, 0x0000000080300000, 0x0000000080300000|100%| O|  |TAMS 0x0000000080300000| PB 0x0000000080200000| Untracked 
|   3|0x0000000080300000, 0x0000000080400000, 0x0000000080400000|100%| O|  |TAMS 0x0000000080400000| PB 0x0000000080300000| Untracked 
|   4|0x0000000080400000, 0x0000000080500000, 0x0000000080500000|100%| O|  |TAMS 0x0000000080500000| PB 0x0000000080400000| Untracked 
|   5|0x0000000080500000, 0x0000000080600000, 0x0000000080600000|100%| O|  |TAMS 0x0000000080600000| PB 0x0000000080500000| Untracked 
|   6|0x0000000080600000, 0x0000000080700000, 0x0000000080700000|100%| O|  |TAMS 0x0000000080700000| PB 0x0000000080600000| Untracked 
|   7|0x0000000080700000, 0x0000000080800000, 0x0000000080800000|100%| O|  |TAMS 0x0000000080800000| PB 0x0000000080700000| Untracked 
|   8|0x0000000080800000, 0x0000000080900000, 0x0000000080900000|100%| O|  |TAMS 0x0000000080900000| PB 0x0000000080800000| Untracked 
|   9|0x0000000080900000, 0x0000000080a00000, 0x0000000080a00000|100%| O|  |TAMS 0x0000000080a00000| PB 0x0000000080900000| Untracked 
|  10|0x0000000080a00000, 0x0000000080b00000, 0x0000000080b00000|100%| O|  |TAMS 0x0000000080b00000| PB 0x0000000080a00000| Untracked 
|  11|0x0000000080b00000, 0x0000000080c00000, 0x0000000080c00000|100%| O|  |TAMS 0x0000000080c00000| PB 0x0000000080b00000| Untracked 
|  12|0x0000000080c00000, 0x0000000080d00000, 0x0000000080d00000|100%| O|  |TAMS 0x0000000080d00000| PB 0x0000000080c00000| Untracked 
|  13|0x0000000080d00000, 0x0000000080e00000, 0x0000000080e00000|100%| O|  |TAMS 0x0000000080e00000| PB 0x0000000080d00000| Untracked 
|  14|0x0000000080e00000, 0x0000000080f00000, 0x0000000080f00000|100%| O|  |TAMS 0x0000000080f00000| PB 0x0000000080e00000| Untracked 
|  15|0x0000000080f00000, 0x0000000081000000, 0x0000000081000000|100%| O|  |TAMS 0x0000000081000000| PB 0x0000000080f00000| Untracked 
|  16|0x0000000081000000, 0x0000000081100000, 0x0000000081100000|100%| O|  |TAMS 0x0000000081100000| PB 0x0000000081000000| Untracked 
|  17|0x0000000081100000, 0x0000000081200000, 0x0000000081200000|100%| O|  |TAMS 0x0000000081200000| PB 0x0000000081100000| Untracked 
|  18|0x0000000081200000, 0x0000000081300000, 0x0000000081300000|100%| O|  |TAMS 0x0000000081300000| PB 0x0000000081200000| Untracked 
|  19|0x0000000081300000, 0x0000000081400000, 0x0000000081400000|100%| O|  |TAMS 0x0000000081400000| PB 0x0000000081300000| Untracked 
|  20|0x0000000081400000, 0x0000000081500000, 0x0000000081500000|100%| O|  |TAMS 0x0000000081500000| PB 0x0000000081400000| Untracked 
|  21|0x0000000081500000, 0x0000000081600000, 0x0000000081600000|100%| O|  |TAMS 0x0000000081600000| PB 0x0000000081500000| Untracked 
|  22|0x0000000081600000, 0x0000000081700000, 0x0000000081700000|100%| O|  |TAMS 0x0000000081700000| PB 0x0000000081600000| Untracked 
|  23|0x0000000081700000, 0x0000000081800000, 0x0000000081800000|100%| O|  |TAMS 0x0000000081800000| PB 0x0000000081700000| Untracked 
|  24|0x0000000081800000, 0x0000000081900000, 0x0000000081900000|100%|HS|  |TAMS 0x0000000081900000| PB 0x0000000081800000| Complete 
|  25|0x0000000081900000, 0x0000000081a00000, 0x0000000081a00000|100%| O|  |TAMS 0x0000000081a00000| PB 0x0000000081900000| Untracked 
|  26|0x0000000081a00000, 0x0000000081b00000, 0x0000000081b00000|100%| O|  |TAMS 0x0000000081b00000| PB 0x0000000081a00000| Untracked 
|  27|0x0000000081b00000, 0x0000000081c00000, 0x0000000081c00000|100%| O|  |TAMS 0x0000000081c00000| PB 0x0000000081b00000| Untracked 
|  28|0x0000000081c00000, 0x0000000081d00000, 0x0000000081d00000|100%| O|  |TAMS 0x0000000081d00000| PB 0x0000000081c00000| Untracked 
|  29|0x0000000081d00000, 0x0000000081e00000, 0x0000000081e00000|100%| O|  |TAMS 0x0000000081e00000| PB 0x0000000081d00000| Untracked 
|  30|0x0000000081e00000, 0x0000000081f00000, 0x0000000081f00000|100%| O|  |TAMS 0x0000000081f00000| PB 0x0000000081e00000| Untracked 
|  31|0x0000000081f00000, 0x0000000082000000, 0x0000000082000000|100%| O|  |TAMS 0x0000000082000000| PB 0x0000000081f00000| Untracked 
|  32|0x0000000082000000, 0x0000000082100000, 0x0000000082100000|100%| O|  |TAMS 0x0000000082100000| PB 0x0000000082000000| Untracked 
|  33|0x0000000082100000, 0x0000000082200000, 0x0000000082200000|100%| O|  |TAMS 0x0000000082200000| PB 0x0000000082100000| Untracked 
|  34|0x0000000082200000, 0x0000000082300000, 0x0000000082300000|100%| O|  |TAMS 0x0000000082300000| PB 0x0000000082200000| Untracked 
|  35|0x0000000082300000, 0x0000000082400000, 0x0000000082400000|100%| O|  |TAMS 0x0000000082400000| PB 0x0000000082300000| Untracked 
|  36|0x0000000082400000, 0x0000000082500000, 0x0000000082500000|100%| O|  |TAMS 0x0000000082500000| PB 0x0000000082400000| Untracked 
|  37|0x0000000082500000, 0x0000000082600000, 0x0000000082600000|100%| O|  |TAMS 0x0000000082600000| PB 0x0000000082500000| Untracked 
|  38|0x0000000082600000, 0x0000000082700000, 0x0000000082700000|100%| O|  |TAMS 0x0000000082700000| PB 0x0000000082600000| Untracked 
|  39|0x0000000082700000, 0x0000000082800000, 0x0000000082800000|100%| O|  |TAMS 0x0000000082800000| PB 0x0000000082700000| Untracked 
|  40|0x0000000082800000, 0x0000000082900000, 0x0000000082900000|100%| O|  |TAMS 0x0000000082900000| PB 0x0000000082800000| Untracked 
|  41|0x0000000082900000, 0x0000000082a00000, 0x0000000082a00000|100%| O|  |TAMS 0x0000000082a00000| PB 0x0000000082900000| Untracked 
|  42|0x0000000082a00000, 0x0000000082b00000, 0x0000000082b00000|100%| O|  |TAMS 0x0000000082b00000| PB 0x0000000082a00000| Untracked 
|  43|0x0000000082b00000, 0x0000000082c00000, 0x0000000082c00000|100%| O|  |TAMS 0x0000000082c00000| PB 0x0000000082b00000| Untracked 
|  44|0x0000000082c00000, 0x0000000082d00000, 0x0000000082d00000|100%| O|  |TAMS 0x0000000082d00000| PB 0x0000000082c00000| Untracked 
|  45|0x0000000082d00000, 0x0000000082e00000, 0x0000000082e00000|100%| O|  |TAMS 0x0000000082e00000| PB 0x0000000082d00000| Untracked 
|  46|0x0000000082e00000, 0x0000000082f00000, 0x0000000082f00000|100%| O|  |TAMS 0x0000000082f00000| PB 0x0000000082e00000| Untracked 
|  47|0x0000000082f00000, 0x0000000083000000, 0x0000000083000000|100%| O|  |TAMS 0x0000000083000000| PB 0x0000000082f00000| Untracked 
|  48|0x0000000083000000, 0x0000000083000000, 0x0000000083100000|  0%| F|  |TAMS 0x0000000083000000| PB 0x0000000083000000| Untracked 
|  49|0x0000000083100000, 0x0000000083200000, 0x0000000083200000|100%| O|  |TAMS 0x0000000083200000| PB 0x0000000083100000| Untracked 
|  50|0x0000000083200000, 0x0000000083300000, 0x0000000083300000|100%| O|  |TAMS 0x0000000083300000| PB 0x0000000083200000| Untracked 
|  51|0x0000000083300000, 0x0000000083400000, 0x0000000083400000|100%| O|  |TAMS 0x0000000083400000| PB 0x0000000083300000| Untracked 
|  52|0x0000000083400000, 0x0000000083500000, 0x0000000083500000|100%|HS|  |TAMS 0x0000000083500000| PB 0x0000000083400000| Complete 
|  53|0x0000000083500000, 0x0000000083600000, 0x0000000083600000|100%| O|  |TAMS 0x0000000083600000| PB 0x0000000083500000| Untracked 
|  54|0x0000000083600000, 0x0000000083700000, 0x0000000083700000|100%| O|  |TAMS 0x0000000083700000| PB 0x0000000083600000| Untracked 
|  55|0x0000000083700000, 0x0000000083800000, 0x0000000083800000|100%| O|  |TAMS 0x0000000083800000| PB 0x0000000083700000| Untracked 
|  56|0x0000000083800000, 0x0000000083900000, 0x0000000083900000|100%| O|  |TAMS 0x0000000083900000| PB 0x0000000083800000| Untracked 
|  57|0x0000000083900000, 0x0000000083a00000, 0x0000000083a00000|100%| O|  |TAMS 0x0000000083a00000| PB 0x0000000083900000| Untracked 
|  58|0x0000000083a00000, 0x0000000083b00000, 0x0000000083b00000|100%| O|  |TAMS 0x0000000083b00000| PB 0x0000000083a00000| Untracked 
|  59|0x0000000083b00000, 0x0000000083c00000, 0x0000000083c00000|100%| O|  |TAMS 0x0000000083c00000| PB 0x0000000083b00000| Untracked 
|  60|0x0000000083c00000, 0x0000000083d00000, 0x0000000083d00000|100%|HS|  |TAMS 0x0000000083d00000| PB 0x0000000083c00000| Complete 
|  61|0x0000000083d00000, 0x0000000083e00000, 0x0000000083e00000|100%|HC|  |TAMS 0x0000000083e00000| PB 0x0000000083d00000| Complete 
|  62|0x0000000083e00000, 0x0000000083f00000, 0x0000000083f00000|100%|HC|  |TAMS 0x0000000083f00000| PB 0x0000000083e00000| Complete 
|  63|0x0000000083f00000, 0x0000000084000000, 0x0000000084000000|100%| O|  |TAMS 0x0000000084000000| PB 0x0000000083f00000| Untracked 
|  64|0x0000000084000000, 0x0000000084100000, 0x0000000084100000|100%| O|  |TAMS 0x0000000084100000| PB 0x0000000084000000| Untracked 
|  65|0x0000000084100000, 0x0000000084200000, 0x0000000084200000|100%| O|  |TAMS 0x0000000084200000| PB 0x0000000084100000| Untracked 
|  66|0x0000000084200000, 0x0000000084300000, 0x0000000084300000|100%| O|  |TAMS 0x0000000084300000| PB 0x0000000084200000| Untracked 
|  67|0x0000000084300000, 0x0000000084400000, 0x0000000084400000|100%| O|  |TAMS 0x0000000084400000| PB 0x0000000084300000| Untracked 
|  68|0x0000000084400000, 0x0000000084500000, 0x0000000084500000|100%| O|  |TAMS 0x0000000084500000| PB 0x0000000084400000| Untracked 
|  69|0x0000000084500000, 0x0000000084600000, 0x0000000084600000|100%|HS|  |TAMS 0x0000000084600000| PB 0x0000000084500000| Complete 
|  70|0x0000000084600000, 0x0000000084700000, 0x0000000084700000|100%| O|  |TAMS 0x0000000084700000| PB 0x0000000084600000| Untracked 
|  71|0x0000000084700000, 0x0000000084800000, 0x0000000084800000|100%| O|  |TAMS 0x0000000084800000| PB 0x0000000084700000| Untracked 
|  72|0x0000000084800000, 0x0000000084900000, 0x0000000084900000|100%| O|  |TAMS 0x0000000084900000| PB 0x0000000084800000| Untracked 
|  73|0x0000000084900000, 0x0000000084a00000, 0x0000000084a00000|100%| O|  |TAMS 0x0000000084a00000| PB 0x0000000084900000| Untracked 
|  74|0x0000000084a00000, 0x0000000084b00000, 0x0000000084b00000|100%| O|  |TAMS 0x0000000084b00000| PB 0x0000000084a00000| Untracked 
|  75|0x0000000084b00000, 0x0000000084c00000, 0x0000000084c00000|100%| O|  |TAMS 0x0000000084c00000| PB 0x0000000084b00000| Untracked 
|  76|0x0000000084c00000, 0x0000000084d00000, 0x0000000084d00000|100%| O|  |TAMS 0x0000000084d00000| PB 0x0000000084c00000| Untracked 
|  77|0x0000000084d00000, 0x0000000084e00000, 0x0000000084e00000|100%| O|  |TAMS 0x0000000084e00000| PB 0x0000000084d00000| Untracked 
|  78|0x0000000084e00000, 0x0000000084f00000, 0x0000000084f00000|100%| O|  |TAMS 0x0000000084f00000| PB 0x0000000084e00000| Untracked 
|  79|0x0000000084f00000, 0x0000000085000000, 0x0000000085000000|100%| O|  |TAMS 0x0000000085000000| PB 0x0000000084f00000| Untracked 
|  80|0x0000000085000000, 0x0000000085100000, 0x0000000085100000|100%| O|  |TAMS 0x0000000085100000| PB 0x0000000085000000| Untracked 
|  81|0x0000000085100000, 0x0000000085200000, 0x0000000085200000|100%| O|  |TAMS 0x0000000085200000| PB 0x0000000085100000| Untracked 
|  82|0x0000000085200000, 0x0000000085300000, 0x0000000085300000|100%| O|  |TAMS 0x0000000085300000| PB 0x0000000085200000| Untracked 
|  83|0x0000000085300000, 0x0000000085400000, 0x0000000085400000|100%| O|  |TAMS 0x0000000085400000| PB 0x0000000085300000| Untracked 
|  84|0x0000000085400000, 0x0000000085500000, 0x0000000085500000|100%| O|  |TAMS 0x0000000085500000| PB 0x0000000085400000| Untracked 
|  85|0x0000000085500000, 0x0000000085600000, 0x0000000085600000|100%| O|  |TAMS 0x0000000085600000| PB 0x0000000085500000| Untracked 
|  86|0x0000000085600000, 0x0000000085700000, 0x0000000085700000|100%| O|  |TAMS 0x0000000085700000| PB 0x0000000085600000| Untracked 
|  87|0x0000000085700000, 0x0000000085800000, 0x0000000085800000|100%| O|  |TAMS 0x0000000085800000| PB 0x0000000085700000| Untracked 
|  88|0x0000000085800000, 0x0000000085900000, 0x0000000085900000|100%| O|  |TAMS 0x0000000085900000| PB 0x0000000085800000| Untracked 
|  89|0x0000000085900000, 0x0000000085a00000, 0x0000000085a00000|100%| O|  |TAMS 0x0000000085a00000| PB 0x0000000085900000| Untracked 
|  90|0x0000000085a00000, 0x0000000085b00000, 0x0000000085b00000|100%| O|  |TAMS 0x0000000085b00000| PB 0x0000000085a00000| Untracked 
|  91|0x0000000085b00000, 0x0000000085c00000, 0x0000000085c00000|100%| O|  |TAMS 0x0000000085c00000| PB 0x0000000085b00000| Untracked 
|  92|0x0000000085c00000, 0x0000000085d00000, 0x0000000085d00000|100%| O|  |TAMS 0x0000000085d00000| PB 0x0000000085c00000| Untracked 
|  93|0x0000000085d00000, 0x0000000085e00000, 0x0000000085e00000|100%| O|  |TAMS 0x0000000085e00000| PB 0x0000000085d00000| Untracked 
|  94|0x0000000085e00000, 0x0000000085f00000, 0x0000000085f00000|100%| O|  |TAMS 0x0000000085f00000| PB 0x0000000085e00000| Untracked 
|  95|0x0000000085f00000, 0x0000000086000000, 0x0000000086000000|100%| O|  |TAMS 0x0000000086000000| PB 0x0000000085f00000| Untracked 
|  96|0x0000000086000000, 0x0000000086100000, 0x0000000086100000|100%| O|  |TAMS 0x0000000086100000| PB 0x0000000086000000| Untracked 
|  97|0x0000000086100000, 0x0000000086200000, 0x0000000086200000|100%| O|  |TAMS 0x0000000086200000| PB 0x0000000086100000| Untracked 
|  98|0x0000000086200000, 0x0000000086300000, 0x0000000086300000|100%| O|  |TAMS 0x0000000086300000| PB 0x0000000086200000| Untracked 
|  99|0x0000000086300000, 0x0000000086400000, 0x0000000086400000|100%| O|  |TAMS 0x0000000086400000| PB 0x0000000086300000| Untracked 
| 100|0x0000000086400000, 0x0000000086500000, 0x0000000086500000|100%| O|  |TAMS 0x0000000086500000| PB 0x0000000086400000| Untracked 
| 101|0x0000000086500000, 0x0000000086600000, 0x0000000086600000|100%| O|  |TAMS 0x0000000086600000| PB 0x0000000086500000| Untracked 
| 102|0x0000000086600000, 0x0000000086700000, 0x0000000086700000|100%| O|  |TAMS 0x0000000086700000| PB 0x0000000086600000| Untracked 
| 103|0x0000000086700000, 0x0000000086800000, 0x0000000086800000|100%| O|  |TAMS 0x0000000086800000| PB 0x0000000086700000| Untracked 
| 104|0x0000000086800000, 0x0000000086900000, 0x0000000086900000|100%| O|  |TAMS 0x0000000086900000| PB 0x0000000086800000| Untracked 
| 105|0x0000000086900000, 0x0000000086a00000, 0x0000000086a00000|100%| O|  |TAMS 0x0000000086a00000| PB 0x0000000086900000| Untracked 
| 106|0x0000000086a00000, 0x0000000086b00000, 0x0000000086b00000|100%| O|  |TAMS 0x0000000086b00000| PB 0x0000000086a00000| Untracked 
| 107|0x0000000086b00000, 0x0000000086c00000, 0x0000000086c00000|100%|HS|  |TAMS 0x0000000086c00000| PB 0x0000000086b00000| Complete 
| 108|0x0000000086c00000, 0x0000000086d00000, 0x0000000086d00000|100%| O|  |TAMS 0x0000000086d00000| PB 0x0000000086c00000| Untracked 
| 109|0x0000000086d00000, 0x0000000086e00000, 0x0000000086e00000|100%| O|  |TAMS 0x0000000086e00000| PB 0x0000000086d00000| Untracked 
| 110|0x0000000086e00000, 0x0000000086f00000, 0x0000000086f00000|100%| O|  |TAMS 0x0000000086f00000| PB 0x0000000086e00000| Untracked 
| 111|0x0000000086f00000, 0x0000000087000000, 0x0000000087000000|100%| O|  |TAMS 0x0000000087000000| PB 0x0000000086f00000| Untracked 
| 112|0x0000000087000000, 0x0000000087100000, 0x0000000087100000|100%|HS|  |TAMS 0x0000000087100000| PB 0x0000000087000000| Complete 
| 113|0x0000000087100000, 0x0000000087200000, 0x0000000087200000|100%|HC|  |TAMS 0x0000000087200000| PB 0x0000000087100000| Complete 
| 114|0x0000000087200000, 0x0000000087300000, 0x0000000087300000|100%| O|  |TAMS 0x0000000087300000| PB 0x0000000087200000| Untracked 
| 115|0x0000000087300000, 0x0000000087400000, 0x0000000087400000|100%| O|  |TAMS 0x0000000087400000| PB 0x0000000087300000| Untracked 
| 116|0x0000000087400000, 0x0000000087500000, 0x0000000087500000|100%| O|  |TAMS 0x0000000087500000| PB 0x0000000087400000| Untracked 
| 117|0x0000000087500000, 0x0000000087600000, 0x0000000087600000|100%| O|  |TAMS 0x0000000087600000| PB 0x0000000087500000| Untracked 
| 118|0x0000000087600000, 0x0000000087700000, 0x0000000087700000|100%|HS|  |TAMS 0x0000000087700000| PB 0x0000000087600000| Complete 
| 119|0x0000000087700000, 0x0000000087800000, 0x0000000087800000|100%|HC|  |TAMS 0x0000000087800000| PB 0x0000000087700000| Complete 
| 120|0x0000000087800000, 0x0000000087900000, 0x0000000087900000|100%| O|  |TAMS 0x0000000087900000| PB 0x0000000087800000| Untracked 
| 121|0x0000000087900000, 0x0000000087a00000, 0x0000000087a00000|100%| O|  |TAMS 0x0000000087a00000| PB 0x0000000087900000| Untracked 
| 122|0x0000000087a00000, 0x0000000087b00000, 0x0000000087b00000|100%| O|  |TAMS 0x0000000087b00000| PB 0x0000000087a00000| Untracked 
| 123|0x0000000087b00000, 0x0000000087c00000, 0x0000000087c00000|100%| O|  |TAMS 0x0000000087c00000| PB 0x0000000087b00000| Untracked 
| 124|0x0000000087c00000, 0x0000000087d00000, 0x0000000087d00000|100%| O|  |TAMS 0x0000000087d00000| PB 0x0000000087c00000| Untracked 
| 125|0x0000000087d00000, 0x0000000087e00000, 0x0000000087e00000|100%| O|  |TAMS 0x0000000087e00000| PB 0x0000000087d00000| Untracked 
| 126|0x0000000087e00000, 0x0000000087f00000, 0x0000000087f00000|100%|HS|  |TAMS 0x0000000087f00000| PB 0x0000000087e00000| Complete 
| 127|0x0000000087f00000, 0x0000000088000000, 0x0000000088000000|100%|HC|  |TAMS 0x0000000088000000| PB 0x0000000087f00000| Complete 
| 128|0x0000000088000000, 0x0000000088100000, 0x0000000088100000|100%| O|  |TAMS 0x0000000088100000| PB 0x0000000088000000| Untracked 
| 129|0x0000000088100000, 0x0000000088200000, 0x0000000088200000|100%| O|  |TAMS 0x0000000088200000| PB 0x0000000088100000| Untracked 
| 130|0x0000000088200000, 0x0000000088300000, 0x0000000088300000|100%| O|  |TAMS 0x0000000088300000| PB 0x0000000088200000| Untracked 
| 131|0x0000000088300000, 0x0000000088400000, 0x0000000088400000|100%| O|  |TAMS 0x0000000088400000| PB 0x0000000088300000| Untracked 
| 132|0x0000000088400000, 0x0000000088500000, 0x0000000088500000|100%| O|  |TAMS 0x0000000088500000| PB 0x0000000088400000| Untracked 
| 133|0x0000000088500000, 0x0000000088600000, 0x0000000088600000|100%| O|  |TAMS 0x0000000088600000| PB 0x0000000088500000| Untracked 
| 134|0x0000000088600000, 0x0000000088700000, 0x0000000088700000|100%| O|  |TAMS 0x0000000088700000| PB 0x0000000088600000| Untracked 
| 135|0x0000000088700000, 0x0000000088800000, 0x0000000088800000|100%| O|  |TAMS 0x0000000088800000| PB 0x0000000088700000| Untracked 
| 136|0x0000000088800000, 0x0000000088900000, 0x0000000088900000|100%| O|  |TAMS 0x0000000088900000| PB 0x0000000088800000| Untracked 
| 137|0x0000000088900000, 0x0000000088a00000, 0x0000000088a00000|100%| O|  |TAMS 0x0000000088a00000| PB 0x0000000088900000| Untracked 
| 138|0x0000000088a00000, 0x0000000088b00000, 0x0000000088b00000|100%| O|  |TAMS 0x0000000088b00000| PB 0x0000000088a00000| Untracked 
| 139|0x0000000088b00000, 0x0000000088c00000, 0x0000000088c00000|100%| O|  |TAMS 0x0000000088c00000| PB 0x0000000088b00000| Untracked 
| 140|0x0000000088c00000, 0x0000000088d00000, 0x0000000088d00000|100%| O|  |TAMS 0x0000000088d00000| PB 0x0000000088c00000| Untracked 
| 141|0x0000000088d00000, 0x0000000088e00000, 0x0000000088e00000|100%| O|  |TAMS 0x0000000088e00000| PB 0x0000000088d00000| Untracked 
| 142|0x0000000088e00000, 0x0000000088f00000, 0x0000000088f00000|100%| O|  |TAMS 0x0000000088f00000| PB 0x0000000088e00000| Untracked 
| 143|0x0000000088f00000, 0x0000000089000000, 0x0000000089000000|100%| O|  |TAMS 0x0000000089000000| PB 0x0000000088f00000| Untracked 
| 144|0x0000000089000000, 0x0000000089100000, 0x0000000089100000|100%| O|  |TAMS 0x0000000089100000| PB 0x0000000089000000| Untracked 
| 145|0x0000000089100000, 0x0000000089200000, 0x0000000089200000|100%| O|  |TAMS 0x0000000089200000| PB 0x0000000089100000| Untracked 
| 146|0x0000000089200000, 0x0000000089300000, 0x0000000089300000|100%| O|  |TAMS 0x0000000089300000| PB 0x0000000089200000| Untracked 
| 147|0x0000000089300000, 0x0000000089400000, 0x0000000089400000|100%| O|  |TAMS 0x0000000089400000| PB 0x0000000089300000| Untracked 
| 148|0x0000000089400000, 0x0000000089500000, 0x0000000089500000|100%| O|  |TAMS 0x0000000089500000| PB 0x0000000089400000| Untracked 
| 149|0x0000000089500000, 0x0000000089600000, 0x0000000089600000|100%| O|  |TAMS 0x0000000089600000| PB 0x0000000089500000| Untracked 
| 150|0x0000000089600000, 0x0000000089700000, 0x0000000089700000|100%|HS|  |TAMS 0x0000000089700000| PB 0x0000000089600000| Complete 
| 151|0x0000000089700000, 0x0000000089800000, 0x0000000089800000|100%|HS|  |TAMS 0x0000000089800000| PB 0x0000000089700000| Complete 
| 152|0x0000000089800000, 0x0000000089900000, 0x0000000089900000|100%|HC|  |TAMS 0x0000000089900000| PB 0x0000000089800000| Complete 
| 153|0x0000000089900000, 0x0000000089a00000, 0x0000000089a00000|100%|HC|  |TAMS 0x0000000089a00000| PB 0x0000000089900000| Complete 
| 154|0x0000000089a00000, 0x0000000089b00000, 0x0000000089b00000|100%| O|  |TAMS 0x0000000089b00000| PB 0x0000000089a00000| Untracked 
| 155|0x0000000089b00000, 0x0000000089c00000, 0x0000000089c00000|100%| O|  |TAMS 0x0000000089c00000| PB 0x0000000089b00000| Untracked 
| 156|0x0000000089c00000, 0x0000000089d00000, 0x0000000089d00000|100%| O|  |TAMS 0x0000000089d00000| PB 0x0000000089c00000| Untracked 
| 157|0x0000000089d00000, 0x0000000089e00000, 0x0000000089e00000|100%| O|  |TAMS 0x0000000089e00000| PB 0x0000000089d00000| Untracked 
| 158|0x0000000089e00000, 0x0000000089f00000, 0x0000000089f00000|100%| O|  |TAMS 0x0000000089f00000| PB 0x0000000089e00000| Untracked 
| 159|0x0000000089f00000, 0x000000008a000000, 0x000000008a000000|100%| O|  |TAMS 0x000000008a000000| PB 0x0000000089f00000| Untracked 
| 160|0x000000008a000000, 0x000000008a100000, 0x000000008a100000|100%| O|  |TAMS 0x000000008a100000| PB 0x000000008a000000| Untracked 
| 161|0x000000008a100000, 0x000000008a200000, 0x000000008a200000|100%| O|  |TAMS 0x000000008a200000| PB 0x000000008a100000| Untracked 
| 162|0x000000008a200000, 0x000000008a300000, 0x000000008a300000|100%| O|  |TAMS 0x000000008a300000| PB 0x000000008a200000| Untracked 
| 163|0x000000008a300000, 0x000000008a400000, 0x000000008a400000|100%| O|  |TAMS 0x000000008a400000| PB 0x000000008a300000| Untracked 
| 164|0x000000008a400000, 0x000000008a500000, 0x000000008a500000|100%| O|  |TAMS 0x000000008a500000| PB 0x000000008a400000| Untracked 
| 165|0x000000008a500000, 0x000000008a600000, 0x000000008a600000|100%| O|  |TAMS 0x000000008a600000| PB 0x000000008a500000| Untracked 
| 166|0x000000008a600000, 0x000000008a700000, 0x000000008a700000|100%| O|  |TAMS 0x000000008a700000| PB 0x000000008a600000| Untracked 
| 167|0x000000008a700000, 0x000000008a800000, 0x000000008a800000|100%|HS|  |TAMS 0x000000008a800000| PB 0x000000008a700000| Complete 
| 168|0x000000008a800000, 0x000000008a900000, 0x000000008a900000|100%| O|  |TAMS 0x000000008a900000| PB 0x000000008a800000| Untracked 
| 169|0x000000008a900000, 0x000000008aa00000, 0x000000008aa00000|100%| O|  |TAMS 0x000000008aa00000| PB 0x000000008a900000| Untracked 
| 170|0x000000008aa00000, 0x000000008ab00000, 0x000000008ab00000|100%| O|  |TAMS 0x000000008ab00000| PB 0x000000008aa00000| Untracked 
| 171|0x000000008ab00000, 0x000000008ac00000, 0x000000008ac00000|100%| O|  |TAMS 0x000000008ac00000| PB 0x000000008ab00000| Untracked 
| 172|0x000000008ac00000, 0x000000008ad00000, 0x000000008ad00000|100%|HS|  |TAMS 0x000000008ad00000| PB 0x000000008ac00000| Complete 
| 173|0x000000008ad00000, 0x000000008ae00000, 0x000000008ae00000|100%|HC|  |TAMS 0x000000008ae00000| PB 0x000000008ad00000| Complete 
| 174|0x000000008ae00000, 0x000000008af00000, 0x000000008af00000|100%| O|  |TAMS 0x000000008af00000| PB 0x000000008ae00000| Untracked 
| 175|0x000000008af00000, 0x000000008b000000, 0x000000008b000000|100%| O|  |TAMS 0x000000008b000000| PB 0x000000008af00000| Untracked 
| 176|0x000000008b000000, 0x000000008b100000, 0x000000008b100000|100%| O|  |TAMS 0x000000008b100000| PB 0x000000008b000000| Untracked 
| 177|0x000000008b100000, 0x000000008b200000, 0x000000008b200000|100%| O|  |TAMS 0x000000008b200000| PB 0x000000008b100000| Untracked 
| 178|0x000000008b200000, 0x000000008b300000, 0x000000008b300000|100%| O|  |TAMS 0x000000008b300000| PB 0x000000008b200000| Untracked 
| 179|0x000000008b300000, 0x000000008b400000, 0x000000008b400000|100%| O|  |TAMS 0x000000008b400000| PB 0x000000008b300000| Untracked 
| 180|0x000000008b400000, 0x000000008b500000, 0x000000008b500000|100%| O|  |TAMS 0x000000008b500000| PB 0x000000008b400000| Untracked 
| 181|0x000000008b500000, 0x000000008b600000, 0x000000008b600000|100%| O|  |TAMS 0x000000008b600000| PB 0x000000008b500000| Untracked 
| 182|0x000000008b600000, 0x000000008b700000, 0x000000008b700000|100%| O|  |TAMS 0x000000008b700000| PB 0x000000008b600000| Untracked 
| 183|0x000000008b700000, 0x000000008b800000, 0x000000008b800000|100%| O|  |TAMS 0x000000008b800000| PB 0x000000008b700000| Untracked 
| 184|0x000000008b800000, 0x000000008b900000, 0x000000008b900000|100%| O|  |TAMS 0x000000008b900000| PB 0x000000008b800000| Untracked 
| 185|0x000000008b900000, 0x000000008ba00000, 0x000000008ba00000|100%| O|  |TAMS 0x000000008ba00000| PB 0x000000008b900000| Untracked 
| 186|0x000000008ba00000, 0x000000008bb00000, 0x000000008bb00000|100%| O|  |TAMS 0x000000008bb00000| PB 0x000000008ba00000| Untracked 
| 187|0x000000008bb00000, 0x000000008bc00000, 0x000000008bc00000|100%| O|  |TAMS 0x000000008bc00000| PB 0x000000008bb00000| Untracked 
| 188|0x000000008bc00000, 0x000000008bd00000, 0x000000008bd00000|100%| O|  |TAMS 0x000000008bd00000| PB 0x000000008bc00000| Untracked 
| 189|0x000000008bd00000, 0x000000008be00000, 0x000000008be00000|100%| O|  |TAMS 0x000000008be00000| PB 0x000000008bd00000| Untracked 
| 190|0x000000008be00000, 0x000000008bf00000, 0x000000008bf00000|100%| O|  |TAMS 0x000000008bf00000| PB 0x000000008be00000| Untracked 
| 191|0x000000008bf00000, 0x000000008c000000, 0x000000008c000000|100%| O|  |TAMS 0x000000008c000000| PB 0x000000008bf00000| Untracked 
| 192|0x000000008c000000, 0x000000008c100000, 0x000000008c100000|100%| O|  |TAMS 0x000000008c100000| PB 0x000000008c000000| Untracked 
| 193|0x000000008c100000, 0x000000008c200000, 0x000000008c200000|100%| O|  |TAMS 0x000000008c200000| PB 0x000000008c100000| Untracked 
| 194|0x000000008c200000, 0x000000008c300000, 0x000000008c300000|100%| O|  |TAMS 0x000000008c300000| PB 0x000000008c200000| Untracked 
| 195|0x000000008c300000, 0x000000008c400000, 0x000000008c400000|100%| O|  |TAMS 0x000000008c400000| PB 0x000000008c300000| Untracked 
| 196|0x000000008c400000, 0x000000008c500000, 0x000000008c500000|100%|HS|  |TAMS 0x000000008c500000| PB 0x000000008c400000| Complete 
| 197|0x000000008c500000, 0x000000008c600000, 0x000000008c600000|100%|HC|  |TAMS 0x000000008c600000| PB 0x000000008c500000| Complete 
| 198|0x000000008c600000, 0x000000008c700000, 0x000000008c700000|100%| O|  |TAMS 0x000000008c700000| PB 0x000000008c600000| Untracked 
| 199|0x000000008c700000, 0x000000008c800000, 0x000000008c800000|100%| O|  |TAMS 0x000000008c800000| PB 0x000000008c700000| Untracked 
| 200|0x000000008c800000, 0x000000008c900000, 0x000000008c900000|100%| O|  |TAMS 0x000000008c900000| PB 0x000000008c800000| Untracked 
| 201|0x000000008c900000, 0x000000008ca00000, 0x000000008ca00000|100%| O|  |TAMS 0x000000008ca00000| PB 0x000000008c900000| Untracked 
| 202|0x000000008ca00000, 0x000000008cb00000, 0x000000008cb00000|100%| O|  |TAMS 0x000000008cb00000| PB 0x000000008ca00000| Untracked 
| 203|0x000000008cb00000, 0x000000008cc00000, 0x000000008cc00000|100%| O|  |TAMS 0x000000008cc00000| PB 0x000000008cb00000| Untracked 
| 204|0x000000008cc00000, 0x000000008cd00000, 0x000000008cd00000|100%| O|  |TAMS 0x000000008cd00000| PB 0x000000008cc00000| Untracked 
| 205|0x000000008cd00000, 0x000000008ce00000, 0x000000008ce00000|100%| O|  |TAMS 0x000000008ce00000| PB 0x000000008cd00000| Untracked 
| 206|0x000000008ce00000, 0x000000008cf00000, 0x000000008cf00000|100%| O|  |TAMS 0x000000008cf00000| PB 0x000000008ce00000| Untracked 
| 207|0x000000008cf00000, 0x000000008d000000, 0x000000008d000000|100%| O|  |TAMS 0x000000008d000000| PB 0x000000008cf00000| Untracked 
| 208|0x000000008d000000, 0x000000008d100000, 0x000000008d100000|100%| O|  |TAMS 0x000000008d100000| PB 0x000000008d000000| Untracked 
| 209|0x000000008d100000, 0x000000008d200000, 0x000000008d200000|100%| O|  |TAMS 0x000000008d200000| PB 0x000000008d100000| Untracked 
| 210|0x000000008d200000, 0x000000008d300000, 0x000000008d300000|100%| O|  |TAMS 0x000000008d300000| PB 0x000000008d200000| Untracked 
| 211|0x000000008d300000, 0x000000008d400000, 0x000000008d400000|100%|HS|  |TAMS 0x000000008d400000| PB 0x000000008d300000| Complete 
| 212|0x000000008d400000, 0x000000008d500000, 0x000000008d500000|100%|HC|  |TAMS 0x000000008d500000| PB 0x000000008d400000| Complete 
| 213|0x000000008d500000, 0x000000008d600000, 0x000000008d600000|100%|HC|  |TAMS 0x000000008d600000| PB 0x000000008d500000| Complete 
| 214|0x000000008d600000, 0x000000008d700000, 0x000000008d700000|100%| O|  |TAMS 0x000000008d700000| PB 0x000000008d600000| Untracked 
| 215|0x000000008d700000, 0x000000008d800000, 0x000000008d800000|100%| O|  |TAMS 0x000000008d800000| PB 0x000000008d700000| Untracked 
| 216|0x000000008d800000, 0x000000008d900000, 0x000000008d900000|100%| O|  |TAMS 0x000000008d900000| PB 0x000000008d800000| Untracked 
| 217|0x000000008d900000, 0x000000008da00000, 0x000000008da00000|100%| O|  |TAMS 0x000000008da00000| PB 0x000000008d900000| Untracked 
| 218|0x000000008da00000, 0x000000008db00000, 0x000000008db00000|100%| O|  |TAMS 0x000000008db00000| PB 0x000000008da00000| Untracked 
| 219|0x000000008db00000, 0x000000008dc00000, 0x000000008dc00000|100%| O|  |TAMS 0x000000008dc00000| PB 0x000000008db00000| Untracked 
| 220|0x000000008dc00000, 0x000000008dd00000, 0x000000008dd00000|100%|HS|  |TAMS 0x000000008dd00000| PB 0x000000008dc00000| Complete 
| 221|0x000000008dd00000, 0x000000008de00000, 0x000000008de00000|100%|HC|  |TAMS 0x000000008de00000| PB 0x000000008dd00000| Complete 
| 222|0x000000008de00000, 0x000000008df00000, 0x000000008df00000|100%| O|  |TAMS 0x000000008df00000| PB 0x000000008de00000| Untracked 
| 223|0x000000008df00000, 0x000000008e000000, 0x000000008e000000|100%| O|  |TAMS 0x000000008e000000| PB 0x000000008df00000| Untracked 
| 224|0x000000008e000000, 0x000000008e100000, 0x000000008e100000|100%| O|  |TAMS 0x000000008e100000| PB 0x000000008e000000| Untracked 
| 225|0x000000008e100000, 0x000000008e200000, 0x000000008e200000|100%| O|  |TAMS 0x000000008e200000| PB 0x000000008e100000| Untracked 
| 226|0x000000008e200000, 0x000000008e300000, 0x000000008e300000|100%| O|  |TAMS 0x000000008e300000| PB 0x000000008e200000| Untracked 
| 227|0x000000008e300000, 0x000000008e400000, 0x000000008e400000|100%| O|  |TAMS 0x000000008e400000| PB 0x000000008e300000| Untracked 
| 228|0x000000008e400000, 0x000000008e500000, 0x000000008e500000|100%| O|  |TAMS 0x000000008e500000| PB 0x000000008e400000| Untracked 
| 229|0x000000008e500000, 0x000000008e600000, 0x000000008e600000|100%| O|  |TAMS 0x000000008e600000| PB 0x000000008e500000| Untracked 
| 230|0x000000008e600000, 0x000000008e700000, 0x000000008e700000|100%| O|  |TAMS 0x000000008e700000| PB 0x000000008e600000| Untracked 
| 231|0x000000008e700000, 0x000000008e800000, 0x000000008e800000|100%| O|  |TAMS 0x000000008e800000| PB 0x000000008e700000| Untracked 
| 232|0x000000008e800000, 0x000000008e900000, 0x000000008e900000|100%| O|  |TAMS 0x000000008e900000| PB 0x000000008e800000| Untracked 
| 233|0x000000008e900000, 0x000000008ea00000, 0x000000008ea00000|100%| O|  |TAMS 0x000000008ea00000| PB 0x000000008e900000| Untracked 
| 234|0x000000008ea00000, 0x000000008eb00000, 0x000000008eb00000|100%| O|  |TAMS 0x000000008eb00000| PB 0x000000008ea00000| Untracked 
| 235|0x000000008eb00000, 0x000000008ec00000, 0x000000008ec00000|100%| O|  |TAMS 0x000000008ec00000| PB 0x000000008eb00000| Untracked 
| 236|0x000000008ec00000, 0x000000008ed00000, 0x000000008ed00000|100%| O|  |TAMS 0x000000008ed00000| PB 0x000000008ec00000| Untracked 
| 237|0x000000008ed00000, 0x000000008ee00000, 0x000000008ee00000|100%| O|  |TAMS 0x000000008ee00000| PB 0x000000008ed00000| Untracked 
| 238|0x000000008ee00000, 0x000000008ef00000, 0x000000008ef00000|100%| O|  |TAMS 0x000000008ef00000| PB 0x000000008ee00000| Untracked 
| 239|0x000000008ef00000, 0x000000008f000000, 0x000000008f000000|100%| O|  |TAMS 0x000000008f000000| PB 0x000000008ef00000| Untracked 
| 240|0x000000008f000000, 0x000000008f100000, 0x000000008f100000|100%| O|  |TAMS 0x000000008f100000| PB 0x000000008f000000| Untracked 
| 241|0x000000008f100000, 0x000000008f200000, 0x000000008f200000|100%| O|  |TAMS 0x000000008f200000| PB 0x000000008f100000| Untracked 
| 242|0x000000008f200000, 0x000000008f300000, 0x000000008f300000|100%| O|  |TAMS 0x000000008f300000| PB 0x000000008f200000| Untracked 
| 243|0x000000008f300000, 0x000000008f400000, 0x000000008f400000|100%| O|  |TAMS 0x000000008f400000| PB 0x000000008f300000| Untracked 
| 244|0x000000008f400000, 0x000000008f500000, 0x000000008f500000|100%| O|  |TAMS 0x000000008f500000| PB 0x000000008f400000| Untracked 
| 245|0x000000008f500000, 0x000000008f600000, 0x000000008f600000|100%| O|  |TAMS 0x000000008f600000| PB 0x000000008f500000| Untracked 
| 246|0x000000008f600000, 0x000000008f700000, 0x000000008f700000|100%| O|  |TAMS 0x000000008f700000| PB 0x000000008f600000| Untracked 
| 247|0x000000008f700000, 0x000000008f800000, 0x000000008f800000|100%| O|  |TAMS 0x000000008f800000| PB 0x000000008f700000| Untracked 
| 248|0x000000008f800000, 0x000000008f900000, 0x000000008f900000|100%| O|  |TAMS 0x000000008f900000| PB 0x000000008f800000| Untracked 
| 249|0x000000008f900000, 0x000000008fa00000, 0x000000008fa00000|100%| O|  |TAMS 0x000000008fa00000| PB 0x000000008f900000| Untracked 
| 250|0x000000008fa00000, 0x000000008fb00000, 0x000000008fb00000|100%| O|  |TAMS 0x000000008fb00000| PB 0x000000008fa00000| Untracked 
| 251|0x000000008fb00000, 0x000000008fc00000, 0x000000008fc00000|100%| O|  |TAMS 0x000000008fc00000| PB 0x000000008fb00000| Untracked 
| 252|0x000000008fc00000, 0x000000008fd00000, 0x000000008fd00000|100%| O|  |TAMS 0x000000008fd00000| PB 0x000000008fc00000| Untracked 
| 253|0x000000008fd00000, 0x000000008fe00000, 0x000000008fe00000|100%| O|  |TAMS 0x000000008fe00000| PB 0x000000008fd00000| Untracked 
| 254|0x000000008fe00000, 0x000000008ff00000, 0x000000008ff00000|100%| O|  |TAMS 0x000000008ff00000| PB 0x000000008fe00000| Untracked 
| 255|0x000000008ff00000, 0x0000000090000000, 0x0000000090000000|100%| O|  |TAMS 0x0000000090000000| PB 0x000000008ff00000| Untracked 
| 256|0x0000000090000000, 0x0000000090100000, 0x0000000090100000|100%| O|  |TAMS 0x0000000090100000| PB 0x0000000090000000| Untracked 
| 257|0x0000000090100000, 0x0000000090200000, 0x0000000090200000|100%| O|  |TAMS 0x0000000090200000| PB 0x0000000090100000| Untracked 
| 258|0x0000000090200000, 0x0000000090300000, 0x0000000090300000|100%| O|  |TAMS 0x0000000090300000| PB 0x0000000090200000| Untracked 
| 259|0x0000000090300000, 0x0000000090400000, 0x0000000090400000|100%| O|  |TAMS 0x0000000090400000| PB 0x0000000090300000| Untracked 
| 260|0x0000000090400000, 0x0000000090500000, 0x0000000090500000|100%| O|  |TAMS 0x0000000090500000| PB 0x0000000090400000| Untracked 
| 261|0x0000000090500000, 0x0000000090600000, 0x0000000090600000|100%| O|  |TAMS 0x0000000090600000| PB 0x0000000090500000| Untracked 
| 262|0x0000000090600000, 0x0000000090700000, 0x0000000090700000|100%| O|  |TAMS 0x0000000090700000| PB 0x0000000090600000| Untracked 
| 263|0x0000000090700000, 0x0000000090800000, 0x0000000090800000|100%| O|  |TAMS 0x0000000090800000| PB 0x0000000090700000| Untracked 
| 264|0x0000000090800000, 0x0000000090900000, 0x0000000090900000|100%| O|  |TAMS 0x0000000090900000| PB 0x0000000090800000| Untracked 
| 265|0x0000000090900000, 0x0000000090a00000, 0x0000000090a00000|100%| O|  |TAMS 0x0000000090a00000| PB 0x0000000090900000| Untracked 
| 266|0x0000000090a00000, 0x0000000090b00000, 0x0000000090b00000|100%| O|  |TAMS 0x0000000090b00000| PB 0x0000000090a00000| Untracked 
| 267|0x0000000090b00000, 0x0000000090c00000, 0x0000000090c00000|100%| O|  |TAMS 0x0000000090c00000| PB 0x0000000090b00000| Untracked 
| 268|0x0000000090c00000, 0x0000000090d00000, 0x0000000090d00000|100%| O|  |TAMS 0x0000000090d00000| PB 0x0000000090c00000| Untracked 
| 269|0x0000000090d00000, 0x0000000090e00000, 0x0000000090e00000|100%| O|  |TAMS 0x0000000090e00000| PB 0x0000000090d00000| Untracked 
| 270|0x0000000090e00000, 0x0000000090f00000, 0x0000000090f00000|100%| O|  |TAMS 0x0000000090f00000| PB 0x0000000090e00000| Untracked 
| 271|0x0000000090f00000, 0x0000000091000000, 0x0000000091000000|100%| O|  |TAMS 0x0000000091000000| PB 0x0000000090f00000| Untracked 
| 272|0x0000000091000000, 0x0000000091100000, 0x0000000091100000|100%| O|  |TAMS 0x0000000091100000| PB 0x0000000091000000| Untracked 
| 273|0x0000000091100000, 0x0000000091200000, 0x0000000091200000|100%| O|  |TAMS 0x0000000091200000| PB 0x0000000091100000| Untracked 
| 274|0x0000000091200000, 0x0000000091300000, 0x0000000091300000|100%| O|  |TAMS 0x0000000091300000| PB 0x0000000091200000| Untracked 
| 275|0x0000000091300000, 0x0000000091400000, 0x0000000091400000|100%| O|  |TAMS 0x0000000091400000| PB 0x0000000091300000| Untracked 
| 276|0x0000000091400000, 0x0000000091500000, 0x0000000091500000|100%| O|  |TAMS 0x0000000091500000| PB 0x0000000091400000| Untracked 
| 277|0x0000000091500000, 0x0000000091600000, 0x0000000091600000|100%| O|  |TAMS 0x0000000091600000| PB 0x0000000091500000| Untracked 
| 278|0x0000000091600000, 0x0000000091700000, 0x0000000091700000|100%| O|  |TAMS 0x0000000091700000| PB 0x0000000091600000| Untracked 
| 279|0x0000000091700000, 0x0000000091800000, 0x0000000091800000|100%| O|  |TAMS 0x0000000091800000| PB 0x0000000091700000| Untracked 
| 280|0x0000000091800000, 0x0000000091900000, 0x0000000091900000|100%| O|  |TAMS 0x0000000091900000| PB 0x0000000091800000| Untracked 
| 281|0x0000000091900000, 0x0000000091a00000, 0x0000000091a00000|100%| O|  |TAMS 0x0000000091a00000| PB 0x0000000091900000| Untracked 
| 282|0x0000000091a00000, 0x0000000091b00000, 0x0000000091b00000|100%| O|  |TAMS 0x0000000091b00000| PB 0x0000000091a00000| Untracked 
| 283|0x0000000091b00000, 0x0000000091c00000, 0x0000000091c00000|100%| O|  |TAMS 0x0000000091c00000| PB 0x0000000091b00000| Untracked 
| 284|0x0000000091c00000, 0x0000000091d00000, 0x0000000091d00000|100%| O|  |TAMS 0x0000000091d00000| PB 0x0000000091c00000| Untracked 
| 285|0x0000000091d00000, 0x0000000091e00000, 0x0000000091e00000|100%| O|  |TAMS 0x0000000091e00000| PB 0x0000000091d00000| Untracked 
| 286|0x0000000091e00000, 0x0000000091f00000, 0x0000000091f00000|100%| O|  |TAMS 0x0000000091f00000| PB 0x0000000091e00000| Untracked 
| 287|0x0000000091f00000, 0x0000000092000000, 0x0000000092000000|100%| O|  |TAMS 0x0000000092000000| PB 0x0000000091f00000| Untracked 
| 288|0x0000000092000000, 0x0000000092100000, 0x0000000092100000|100%| O|  |TAMS 0x0000000092100000| PB 0x0000000092000000| Untracked 
| 289|0x0000000092100000, 0x0000000092200000, 0x0000000092200000|100%| O|  |TAMS 0x0000000092200000| PB 0x0000000092100000| Untracked 
| 290|0x0000000092200000, 0x0000000092300000, 0x0000000092300000|100%| O|  |TAMS 0x0000000092300000| PB 0x0000000092200000| Untracked 
| 291|0x0000000092300000, 0x0000000092400000, 0x0000000092400000|100%| O|  |TAMS 0x0000000092400000| PB 0x0000000092300000| Untracked 
| 292|0x0000000092400000, 0x0000000092500000, 0x0000000092500000|100%| O|  |TAMS 0x0000000092500000| PB 0x0000000092400000| Untracked 
| 293|0x0000000092500000, 0x0000000092600000, 0x0000000092600000|100%| O|  |TAMS 0x0000000092600000| PB 0x0000000092500000| Untracked 
| 294|0x0000000092600000, 0x0000000092700000, 0x0000000092700000|100%| O|  |TAMS 0x0000000092700000| PB 0x0000000092600000| Untracked 
| 295|0x0000000092700000, 0x0000000092800000, 0x0000000092800000|100%| O|  |TAMS 0x0000000092800000| PB 0x0000000092700000| Untracked 
| 296|0x0000000092800000, 0x0000000092900000, 0x0000000092900000|100%| O|  |TAMS 0x0000000092900000| PB 0x0000000092800000| Untracked 
| 297|0x0000000092900000, 0x0000000092a00000, 0x0000000092a00000|100%| O|  |TAMS 0x0000000092a00000| PB 0x0000000092900000| Untracked 
| 298|0x0000000092a00000, 0x0000000092b00000, 0x0000000092b00000|100%| O|  |TAMS 0x0000000092b00000| PB 0x0000000092a00000| Untracked 
| 299|0x0000000092b00000, 0x0000000092c00000, 0x0000000092c00000|100%| O|  |TAMS 0x0000000092c00000| PB 0x0000000092b00000| Untracked 
| 300|0x0000000092c00000, 0x0000000092d00000, 0x0000000092d00000|100%| O|  |TAMS 0x0000000092d00000| PB 0x0000000092c00000| Untracked 
| 301|0x0000000092d00000, 0x0000000092e00000, 0x0000000092e00000|100%| O|  |TAMS 0x0000000092e00000| PB 0x0000000092d00000| Untracked 
| 302|0x0000000092e00000, 0x0000000092f00000, 0x0000000092f00000|100%| O|  |TAMS 0x0000000092f00000| PB 0x0000000092e00000| Untracked 
| 303|0x0000000092f00000, 0x0000000093000000, 0x0000000093000000|100%| O|  |TAMS 0x0000000093000000| PB 0x0000000092f00000| Untracked 
| 304|0x0000000093000000, 0x0000000093100000, 0x0000000093100000|100%| O|  |TAMS 0x0000000093100000| PB 0x0000000093000000| Untracked 
| 305|0x0000000093100000, 0x0000000093200000, 0x0000000093200000|100%| O|  |TAMS 0x0000000093200000| PB 0x0000000093100000| Untracked 
| 306|0x0000000093200000, 0x0000000093300000, 0x0000000093300000|100%| O|  |TAMS 0x0000000093300000| PB 0x0000000093200000| Untracked 
| 307|0x0000000093300000, 0x0000000093400000, 0x0000000093400000|100%| O|  |TAMS 0x0000000093400000| PB 0x0000000093300000| Untracked 
| 308|0x0000000093400000, 0x0000000093500000, 0x0000000093500000|100%| O|  |TAMS 0x0000000093500000| PB 0x0000000093400000| Untracked 
| 309|0x0000000093500000, 0x0000000093600000, 0x0000000093600000|100%| O|  |TAMS 0x0000000093600000| PB 0x0000000093500000| Untracked 
| 310|0x0000000093600000, 0x0000000093700000, 0x0000000093700000|100%| O|  |TAMS 0x0000000093700000| PB 0x0000000093600000| Untracked 
| 311|0x0000000093700000, 0x0000000093800000, 0x0000000093800000|100%| O|  |TAMS 0x0000000093800000| PB 0x0000000093700000| Untracked 
| 312|0x0000000093800000, 0x0000000093900000, 0x0000000093900000|100%| O|  |TAMS 0x0000000093900000| PB 0x0000000093800000| Untracked 
| 313|0x0000000093900000, 0x0000000093a00000, 0x0000000093a00000|100%| O|  |TAMS 0x0000000093a00000| PB 0x0000000093900000| Untracked 
| 314|0x0000000093a00000, 0x0000000093b00000, 0x0000000093b00000|100%| O|  |TAMS 0x0000000093b00000| PB 0x0000000093a00000| Untracked 
| 315|0x0000000093b00000, 0x0000000093c00000, 0x0000000093c00000|100%| O|  |TAMS 0x0000000093c00000| PB 0x0000000093b00000| Untracked 
| 316|0x0000000093c00000, 0x0000000093d00000, 0x0000000093d00000|100%| O|  |TAMS 0x0000000093d00000| PB 0x0000000093c00000| Untracked 
| 317|0x0000000093d00000, 0x0000000093e00000, 0x0000000093e00000|100%| O|  |TAMS 0x0000000093e00000| PB 0x0000000093d00000| Untracked 
| 318|0x0000000093e00000, 0x0000000093f00000, 0x0000000093f00000|100%| O|  |TAMS 0x0000000093f00000| PB 0x0000000093e00000| Untracked 
| 319|0x0000000093f00000, 0x0000000094000000, 0x0000000094000000|100%| O|  |TAMS 0x0000000094000000| PB 0x0000000093f00000| Untracked 
| 320|0x0000000094000000, 0x0000000094100000, 0x0000000094100000|100%| O|  |TAMS 0x0000000094100000| PB 0x0000000094000000| Untracked 
| 321|0x0000000094100000, 0x0000000094200000, 0x0000000094200000|100%| O|  |TAMS 0x0000000094200000| PB 0x0000000094100000| Untracked 
| 322|0x0000000094200000, 0x0000000094300000, 0x0000000094300000|100%| O|  |TAMS 0x0000000094300000| PB 0x0000000094200000| Untracked 
| 323|0x0000000094300000, 0x0000000094400000, 0x0000000094400000|100%| O|  |TAMS 0x0000000094400000| PB 0x0000000094300000| Untracked 
| 324|0x0000000094400000, 0x0000000094500000, 0x0000000094500000|100%| O|  |TAMS 0x0000000094500000| PB 0x0000000094400000| Untracked 
| 325|0x0000000094500000, 0x0000000094600000, 0x0000000094600000|100%| O|  |TAMS 0x0000000094600000| PB 0x0000000094500000| Untracked 
| 326|0x0000000094600000, 0x0000000094700000, 0x0000000094700000|100%| O|  |TAMS 0x0000000094700000| PB 0x0000000094600000| Untracked 
| 327|0x0000000094700000, 0x0000000094800000, 0x0000000094800000|100%| O|  |TAMS 0x0000000094800000| PB 0x0000000094700000| Untracked 
| 328|0x0000000094800000, 0x0000000094900000, 0x0000000094900000|100%| O|  |TAMS 0x0000000094900000| PB 0x0000000094800000| Untracked 
| 329|0x0000000094900000, 0x0000000094a00000, 0x0000000094a00000|100%| O|  |TAMS 0x0000000094a00000| PB 0x0000000094900000| Untracked 
| 330|0x0000000094a00000, 0x0000000094b00000, 0x0000000094b00000|100%| O|  |TAMS 0x0000000094b00000| PB 0x0000000094a00000| Untracked 
| 331|0x0000000094b00000, 0x0000000094c00000, 0x0000000094c00000|100%| O|  |TAMS 0x0000000094c00000| PB 0x0000000094b00000| Untracked 
| 332|0x0000000094c00000, 0x0000000094d00000, 0x0000000094d00000|100%| O|  |TAMS 0x0000000094d00000| PB 0x0000000094c00000| Untracked 
| 333|0x0000000094d00000, 0x0000000094e00000, 0x0000000094e00000|100%| O|  |TAMS 0x0000000094e00000| PB 0x0000000094d00000| Untracked 
| 334|0x0000000094e00000, 0x0000000094f00000, 0x0000000094f00000|100%| O|  |TAMS 0x0000000094f00000| PB 0x0000000094e00000| Untracked 
| 335|0x0000000094f00000, 0x0000000095000000, 0x0000000095000000|100%| O|  |TAMS 0x0000000095000000| PB 0x0000000094f00000| Untracked 
| 336|0x0000000095000000, 0x0000000095100000, 0x0000000095100000|100%| O|  |TAMS 0x0000000095100000| PB 0x0000000095000000| Untracked 
| 337|0x0000000095100000, 0x0000000095200000, 0x0000000095200000|100%| O|  |TAMS 0x0000000095200000| PB 0x0000000095100000| Untracked 
| 338|0x0000000095200000, 0x0000000095300000, 0x0000000095300000|100%| O|  |TAMS 0x0000000095300000| PB 0x0000000095200000| Untracked 
| 339|0x0000000095300000, 0x0000000095400000, 0x0000000095400000|100%| O|  |TAMS 0x0000000095400000| PB 0x0000000095300000| Untracked 
| 340|0x0000000095400000, 0x0000000095500000, 0x0000000095500000|100%| O|  |TAMS 0x0000000095500000| PB 0x0000000095400000| Untracked 
| 341|0x0000000095500000, 0x0000000095600000, 0x0000000095600000|100%| O|  |TAMS 0x0000000095600000| PB 0x0000000095500000| Untracked 
| 342|0x0000000095600000, 0x0000000095700000, 0x0000000095700000|100%| O|  |TAMS 0x0000000095700000| PB 0x0000000095600000| Untracked 
| 343|0x0000000095700000, 0x0000000095800000, 0x0000000095800000|100%| O|  |TAMS 0x0000000095800000| PB 0x0000000095700000| Untracked 
| 344|0x0000000095800000, 0x0000000095900000, 0x0000000095900000|100%| O|  |TAMS 0x0000000095900000| PB 0x0000000095800000| Untracked 
| 345|0x0000000095900000, 0x0000000095a00000, 0x0000000095a00000|100%|HS|  |TAMS 0x0000000095a00000| PB 0x0000000095900000| Complete 
| 346|0x0000000095a00000, 0x0000000095b00000, 0x0000000095b00000|100%|HC|  |TAMS 0x0000000095b00000| PB 0x0000000095a00000| Complete 
| 347|0x0000000095b00000, 0x0000000095c00000, 0x0000000095c00000|100%| O|  |TAMS 0x0000000095c00000| PB 0x0000000095b00000| Untracked 
| 348|0x0000000095c00000, 0x0000000095d00000, 0x0000000095d00000|100%| O|  |TAMS 0x0000000095d00000| PB 0x0000000095c00000| Untracked 
| 349|0x0000000095d00000, 0x0000000095e00000, 0x0000000095e00000|100%| O|  |TAMS 0x0000000095e00000| PB 0x0000000095d00000| Untracked 
| 350|0x0000000095e00000, 0x0000000095f00000, 0x0000000095f00000|100%| O|  |TAMS 0x0000000095f00000| PB 0x0000000095e00000| Untracked 
| 351|0x0000000095f00000, 0x0000000096000000, 0x0000000096000000|100%| O|  |TAMS 0x0000000096000000| PB 0x0000000095f00000| Untracked 
| 352|0x0000000096000000, 0x0000000096100000, 0x0000000096100000|100%| O|  |TAMS 0x0000000096100000| PB 0x0000000096000000| Untracked 
| 353|0x0000000096100000, 0x0000000096200000, 0x0000000096200000|100%| O|  |TAMS 0x0000000096200000| PB 0x0000000096100000| Untracked 
| 354|0x0000000096200000, 0x0000000096300000, 0x0000000096300000|100%| O|  |TAMS 0x0000000096300000| PB 0x0000000096200000| Untracked 
| 355|0x0000000096300000, 0x0000000096400000, 0x0000000096400000|100%| O|  |TAMS 0x0000000096400000| PB 0x0000000096300000| Untracked 
| 356|0x0000000096400000, 0x0000000096500000, 0x0000000096500000|100%| O|  |TAMS 0x0000000096500000| PB 0x0000000096400000| Untracked 
| 357|0x0000000096500000, 0x0000000096600000, 0x0000000096600000|100%| O|  |TAMS 0x0000000096600000| PB 0x0000000096500000| Untracked 
| 358|0x0000000096600000, 0x0000000096700000, 0x0000000096700000|100%| O|  |TAMS 0x0000000096700000| PB 0x0000000096600000| Untracked 
| 359|0x0000000096700000, 0x0000000096800000, 0x0000000096800000|100%| O|  |TAMS 0x0000000096800000| PB 0x0000000096700000| Untracked 
| 360|0x0000000096800000, 0x0000000096900000, 0x0000000096900000|100%| O|  |TAMS 0x0000000096900000| PB 0x0000000096800000| Untracked 
| 361|0x0000000096900000, 0x0000000096a00000, 0x0000000096a00000|100%| O|  |TAMS 0x0000000096a00000| PB 0x0000000096900000| Untracked 
| 362|0x0000000096a00000, 0x0000000096b00000, 0x0000000096b00000|100%| O|  |TAMS 0x0000000096b00000| PB 0x0000000096a00000| Untracked 
| 363|0x0000000096b00000, 0x0000000096c00000, 0x0000000096c00000|100%| O|  |TAMS 0x0000000096c00000| PB 0x0000000096b00000| Untracked 
| 364|0x0000000096c00000, 0x0000000096d00000, 0x0000000096d00000|100%| O|  |TAMS 0x0000000096d00000| PB 0x0000000096c00000| Untracked 
| 365|0x0000000096d00000, 0x0000000096e00000, 0x0000000096e00000|100%| O|  |TAMS 0x0000000096e00000| PB 0x0000000096d00000| Untracked 
| 366|0x0000000096e00000, 0x0000000096f00000, 0x0000000096f00000|100%| O|  |TAMS 0x0000000096f00000| PB 0x0000000096e00000| Untracked 
| 367|0x0000000096f00000, 0x0000000097000000, 0x0000000097000000|100%| O|  |TAMS 0x0000000097000000| PB 0x0000000096f00000| Untracked 
| 368|0x0000000097000000, 0x0000000097060ec8, 0x0000000097100000| 37%| O|  |TAMS 0x0000000097060ec8| PB 0x0000000097000000| Untracked 
| 369|0x0000000097100000, 0x0000000097200000, 0x0000000097200000|100%| O|  |TAMS 0x0000000097200000| PB 0x0000000097100000| Untracked 
| 370|0x0000000097200000, 0x0000000097300000, 0x0000000097300000|100%| O|  |TAMS 0x0000000097300000| PB 0x0000000097200000| Untracked 
| 371|0x0000000097300000, 0x0000000097400000, 0x0000000097400000|100%| O|  |TAMS 0x0000000097400000| PB 0x0000000097300000| Untracked 
| 372|0x0000000097400000, 0x0000000097500000, 0x0000000097500000|100%| O|  |TAMS 0x0000000097500000| PB 0x0000000097400000| Untracked 
| 373|0x0000000097500000, 0x0000000097600000, 0x0000000097600000|100%| O|  |TAMS 0x0000000097600000| PB 0x0000000097500000| Untracked 
| 374|0x0000000097600000, 0x0000000097700000, 0x0000000097700000|100%| O|  |TAMS 0x0000000097700000| PB 0x0000000097600000| Untracked 
| 375|0x0000000097700000, 0x0000000097800000, 0x0000000097800000|100%| O|  |TAMS 0x0000000097800000| PB 0x0000000097700000| Untracked 
| 376|0x0000000097800000, 0x0000000097900000, 0x0000000097900000|100%| O|  |TAMS 0x0000000097900000| PB 0x0000000097800000| Untracked 
| 377|0x0000000097900000, 0x0000000097a00000, 0x0000000097a00000|100%| O|  |TAMS 0x0000000097a00000| PB 0x0000000097900000| Untracked 
| 378|0x0000000097a00000, 0x0000000097a00000, 0x0000000097b00000|  0%| F|  |TAMS 0x0000000097a00000| PB 0x0000000097a00000| Untracked 
| 379|0x0000000097b00000, 0x0000000097c00000, 0x0000000097c00000|100%| O|  |TAMS 0x0000000097c00000| PB 0x0000000097b00000| Untracked 
| 380|0x0000000097c00000, 0x0000000097d00000, 0x0000000097d00000|100%| O|  |TAMS 0x0000000097d00000| PB 0x0000000097c00000| Untracked 
| 381|0x0000000097d00000, 0x0000000097e00000, 0x0000000097e00000|100%| O|  |TAMS 0x0000000097e00000| PB 0x0000000097d00000| Untracked 
| 382|0x0000000097e00000, 0x0000000097f00000, 0x0000000097f00000|100%| O|  |TAMS 0x0000000097f00000| PB 0x0000000097e00000| Untracked 
| 383|0x0000000097f00000, 0x0000000098000000, 0x0000000098000000|100%| O|  |TAMS 0x0000000098000000| PB 0x0000000097f00000| Untracked 
| 384|0x0000000098000000, 0x0000000098100000, 0x0000000098100000|100%| O|  |TAMS 0x0000000098100000| PB 0x0000000098000000| Untracked 
| 385|0x0000000098100000, 0x0000000098200000, 0x0000000098200000|100%|HS|  |TAMS 0x0000000098200000| PB 0x0000000098100000| Complete 
| 386|0x0000000098200000, 0x0000000098300000, 0x0000000098300000|100%| O|  |TAMS 0x0000000098300000| PB 0x0000000098200000| Untracked 
| 387|0x0000000098300000, 0x0000000098400000, 0x0000000098400000|100%| O|  |TAMS 0x0000000098400000| PB 0x0000000098300000| Untracked 
| 388|0x0000000098400000, 0x0000000098500000, 0x0000000098500000|100%| O|  |TAMS 0x0000000098500000| PB 0x0000000098400000| Untracked 
| 389|0x0000000098500000, 0x0000000098600000, 0x0000000098600000|100%|HS|  |TAMS 0x0000000098600000| PB 0x0000000098500000| Complete 
| 390|0x0000000098600000, 0x0000000098700000, 0x0000000098700000|100%|HC|  |TAMS 0x0000000098700000| PB 0x0000000098600000| Complete 
| 391|0x0000000098700000, 0x0000000098800000, 0x0000000098800000|100%|HS|  |TAMS 0x0000000098800000| PB 0x0000000098700000| Complete 
| 392|0x0000000098800000, 0x0000000098900000, 0x0000000098900000|100%|HS|  |TAMS 0x0000000098900000| PB 0x0000000098800000| Complete 
| 393|0x0000000098900000, 0x0000000098a00000, 0x0000000098a00000|100%| O|  |TAMS 0x0000000098a00000| PB 0x0000000098900000| Untracked 
| 394|0x0000000098a00000, 0x0000000098b00000, 0x0000000098b00000|100%| O|  |TAMS 0x0000000098b00000| PB 0x0000000098a00000| Untracked 
| 395|0x0000000098b00000, 0x0000000098c00000, 0x0000000098c00000|100%| O|  |TAMS 0x0000000098c00000| PB 0x0000000098b00000| Untracked 
| 396|0x0000000098c00000, 0x0000000098d00000, 0x0000000098d00000|100%| O|  |TAMS 0x0000000098d00000| PB 0x0000000098c00000| Untracked 
| 397|0x0000000098d00000, 0x0000000098e00000, 0x0000000098e00000|100%| O|  |TAMS 0x0000000098e00000| PB 0x0000000098d00000| Untracked 
| 398|0x0000000098e00000, 0x0000000098f00000, 0x0000000098f00000|100%| O|  |TAMS 0x0000000098f00000| PB 0x0000000098e00000| Untracked 
| 399|0x0000000098f00000, 0x0000000099000000, 0x0000000099000000|100%| O|  |TAMS 0x0000000099000000| PB 0x0000000098f00000| Untracked 
| 400|0x0000000099000000, 0x0000000099100000, 0x0000000099100000|100%| O|  |TAMS 0x0000000099100000| PB 0x0000000099000000| Untracked 
| 401|0x0000000099100000, 0x0000000099200000, 0x0000000099200000|100%| O|  |TAMS 0x0000000099200000| PB 0x0000000099100000| Untracked 
| 402|0x0000000099200000, 0x0000000099300000, 0x0000000099300000|100%| O|  |TAMS 0x0000000099300000| PB 0x0000000099200000| Untracked 
| 403|0x0000000099300000, 0x0000000099400000, 0x0000000099400000|100%| O|  |TAMS 0x0000000099400000| PB 0x0000000099300000| Untracked 
| 404|0x0000000099400000, 0x0000000099500000, 0x0000000099500000|100%| O|  |TAMS 0x0000000099500000| PB 0x0000000099400000| Untracked 
| 405|0x0000000099500000, 0x0000000099600000, 0x0000000099600000|100%| O|  |TAMS 0x0000000099600000| PB 0x0000000099500000| Untracked 
| 406|0x0000000099600000, 0x0000000099700000, 0x0000000099700000|100%| O|  |TAMS 0x0000000099700000| PB 0x0000000099600000| Untracked 
| 407|0x0000000099700000, 0x0000000099800000, 0x0000000099800000|100%| O|  |TAMS 0x0000000099800000| PB 0x0000000099700000| Untracked 
| 408|0x0000000099800000, 0x0000000099900000, 0x0000000099900000|100%| O|  |TAMS 0x0000000099900000| PB 0x0000000099800000| Untracked 
| 409|0x0000000099900000, 0x0000000099a00000, 0x0000000099a00000|100%| O|  |TAMS 0x0000000099a00000| PB 0x0000000099900000| Untracked 
| 410|0x0000000099a00000, 0x0000000099b00000, 0x0000000099b00000|100%| O|  |TAMS 0x0000000099b00000| PB 0x0000000099a00000| Untracked 
| 411|0x0000000099b00000, 0x0000000099c00000, 0x0000000099c00000|100%| O|  |TAMS 0x0000000099c00000| PB 0x0000000099b00000| Untracked 
| 412|0x0000000099c00000, 0x0000000099d00000, 0x0000000099d00000|100%| O|  |TAMS 0x0000000099d00000| PB 0x0000000099c00000| Untracked 
| 413|0x0000000099d00000, 0x0000000099e00000, 0x0000000099e00000|100%| O|  |TAMS 0x0000000099e00000| PB 0x0000000099d00000| Untracked 
| 414|0x0000000099e00000, 0x0000000099e00000, 0x0000000099f00000|  0%| F|  |TAMS 0x0000000099e00000| PB 0x0000000099e00000| Untracked 
| 415|0x0000000099f00000, 0x000000009a000000, 0x000000009a000000|100%| O|  |TAMS 0x000000009a000000| PB 0x0000000099f00000| Untracked 
| 416|0x000000009a000000, 0x000000009a100000, 0x000000009a100000|100%| O|  |TAMS 0x000000009a100000| PB 0x000000009a000000| Untracked 
| 417|0x000000009a100000, 0x000000009a200000, 0x000000009a200000|100%| O|  |TAMS 0x000000009a200000| PB 0x000000009a100000| Untracked 
| 418|0x000000009a200000, 0x000000009a300000, 0x000000009a300000|100%| O|  |TAMS 0x000000009a300000| PB 0x000000009a200000| Untracked 
| 419|0x000000009a300000, 0x000000009a400000, 0x000000009a400000|100%| O|  |TAMS 0x000000009a400000| PB 0x000000009a300000| Untracked 
| 420|0x000000009a400000, 0x000000009a500000, 0x000000009a500000|100%| O|  |TAMS 0x000000009a500000| PB 0x000000009a400000| Untracked 
| 421|0x000000009a500000, 0x000000009a600000, 0x000000009a600000|100%| O|  |TAMS 0x000000009a600000| PB 0x000000009a500000| Untracked 
| 422|0x000000009a600000, 0x000000009a700000, 0x000000009a700000|100%| O|  |TAMS 0x000000009a700000| PB 0x000000009a600000| Untracked 
| 423|0x000000009a700000, 0x000000009a800000, 0x000000009a800000|100%| O|  |TAMS 0x000000009a800000| PB 0x000000009a700000| Untracked 
| 424|0x000000009a800000, 0x000000009a800000, 0x000000009a900000|  0%| F|  |TAMS 0x000000009a800000| PB 0x000000009a800000| Untracked 
| 425|0x000000009a900000, 0x000000009aa00000, 0x000000009aa00000|100%| O|  |TAMS 0x000000009aa00000| PB 0x000000009a900000| Untracked 
| 426|0x000000009aa00000, 0x000000009ab00000, 0x000000009ab00000|100%| O|  |TAMS 0x000000009ab00000| PB 0x000000009aa00000| Untracked 
| 427|0x000000009ab00000, 0x000000009ac00000, 0x000000009ac00000|100%| O|  |TAMS 0x000000009ac00000| PB 0x000000009ab00000| Untracked 
| 428|0x000000009ac00000, 0x000000009ad00000, 0x000000009ad00000|100%| O|  |TAMS 0x000000009ad00000| PB 0x000000009ac00000| Untracked 
| 429|0x000000009ad00000, 0x000000009ae00000, 0x000000009ae00000|100%| O|  |TAMS 0x000000009ae00000| PB 0x000000009ad00000| Untracked 
| 430|0x000000009ae00000, 0x000000009af00000, 0x000000009af00000|100%| O|  |TAMS 0x000000009af00000| PB 0x000000009ae00000| Untracked 
| 431|0x000000009af00000, 0x000000009b000000, 0x000000009b000000|100%| O|  |TAMS 0x000000009b000000| PB 0x000000009af00000| Untracked 
| 432|0x000000009b000000, 0x000000009b100000, 0x000000009b100000|100%| O|  |TAMS 0x000000009b100000| PB 0x000000009b000000| Untracked 
| 433|0x000000009b100000, 0x000000009b200000, 0x000000009b200000|100%| O|  |TAMS 0x000000009b200000| PB 0x000000009b100000| Untracked 
| 434|0x000000009b200000, 0x000000009b300000, 0x000000009b300000|100%| O|  |TAMS 0x000000009b300000| PB 0x000000009b200000| Untracked 
| 435|0x000000009b300000, 0x000000009b400000, 0x000000009b400000|100%| O|  |TAMS 0x000000009b400000| PB 0x000000009b300000| Untracked 
| 436|0x000000009b400000, 0x000000009b500000, 0x000000009b500000|100%| O|  |TAMS 0x000000009b500000| PB 0x000000009b400000| Untracked 
| 437|0x000000009b500000, 0x000000009b600000, 0x000000009b600000|100%|HS|  |TAMS 0x000000009b600000| PB 0x000000009b500000| Complete 
| 438|0x000000009b600000, 0x000000009b600000, 0x000000009b700000|  0%| F|  |TAMS 0x000000009b600000| PB 0x000000009b600000| Untracked 
| 439|0x000000009b700000, 0x000000009b700000, 0x000000009b800000|  0%| F|  |TAMS 0x000000009b700000| PB 0x000000009b700000| Untracked 
| 440|0x000000009b800000, 0x000000009b900000, 0x000000009b900000|100%| O|  |TAMS 0x000000009b900000| PB 0x000000009b800000| Untracked 
| 441|0x000000009b900000, 0x000000009ba00000, 0x000000009ba00000|100%| O|  |TAMS 0x000000009ba00000| PB 0x000000009b900000| Untracked 
| 442|0x000000009ba00000, 0x000000009bb00000, 0x000000009bb00000|100%| O|  |TAMS 0x000000009bb00000| PB 0x000000009ba00000| Untracked 
| 443|0x000000009bb00000, 0x000000009bc00000, 0x000000009bc00000|100%| O|  |TAMS 0x000000009bc00000| PB 0x000000009bb00000| Untracked 
| 444|0x000000009bc00000, 0x000000009bd00000, 0x000000009bd00000|100%| O|  |TAMS 0x000000009bd00000| PB 0x000000009bc00000| Untracked 
| 445|0x000000009bd00000, 0x000000009be00000, 0x000000009be00000|100%| O|  |TAMS 0x000000009be00000| PB 0x000000009bd00000| Untracked 
| 446|0x000000009be00000, 0x000000009bf00000, 0x000000009bf00000|100%| O|  |TAMS 0x000000009bf00000| PB 0x000000009be00000| Untracked 
| 447|0x000000009bf00000, 0x000000009c000000, 0x000000009c000000|100%| O|  |TAMS 0x000000009c000000| PB 0x000000009bf00000| Untracked 
| 448|0x000000009c000000, 0x000000009c100000, 0x000000009c100000|100%| O|  |TAMS 0x000000009c100000| PB 0x000000009c000000| Untracked 
| 449|0x000000009c100000, 0x000000009c200000, 0x000000009c200000|100%| O|  |TAMS 0x000000009c200000| PB 0x000000009c100000| Untracked 
| 450|0x000000009c200000, 0x000000009c200000, 0x000000009c300000|  0%| F|  |TAMS 0x000000009c200000| PB 0x000000009c200000| Untracked 
| 451|0x000000009c300000, 0x000000009c300000, 0x000000009c400000|  0%| F|  |TAMS 0x000000009c300000| PB 0x000000009c300000| Untracked 
| 452|0x000000009c400000, 0x000000009c400000, 0x000000009c500000|  0%| F|  |TAMS 0x000000009c400000| PB 0x000000009c400000| Untracked 
| 453|0x000000009c500000, 0x000000009c500000, 0x000000009c600000|  0%| F|  |TAMS 0x000000009c500000| PB 0x000000009c500000| Untracked 
| 454|0x000000009c600000, 0x000000009c600000, 0x000000009c700000|  0%| F|  |TAMS 0x000000009c600000| PB 0x000000009c600000| Untracked 
| 455|0x000000009c700000, 0x000000009c700000, 0x000000009c800000|  0%| F|  |TAMS 0x000000009c700000| PB 0x000000009c700000| Untracked 
| 456|0x000000009c800000, 0x000000009c800000, 0x000000009c900000|  0%| F|  |TAMS 0x000000009c800000| PB 0x000000009c800000| Untracked 
| 457|0x000000009c900000, 0x000000009c900000, 0x000000009ca00000|  0%| F|  |TAMS 0x000000009c900000| PB 0x000000009c900000| Untracked 
| 458|0x000000009ca00000, 0x000000009ca00000, 0x000000009cb00000|  0%| F|  |TAMS 0x000000009ca00000| PB 0x000000009ca00000| Untracked 
| 459|0x000000009cb00000, 0x000000009cb00000, 0x000000009cc00000|  0%| F|  |TAMS 0x000000009cb00000| PB 0x000000009cb00000| Untracked 
| 460|0x000000009cc00000, 0x000000009cc00000, 0x000000009cd00000|  0%| F|  |TAMS 0x000000009cc00000| PB 0x000000009cc00000| Untracked 
| 461|0x000000009cd00000, 0x000000009cd00000, 0x000000009ce00000|  0%| F|  |TAMS 0x000000009cd00000| PB 0x000000009cd00000| Untracked 
| 462|0x000000009ce00000, 0x000000009ce00000, 0x000000009cf00000|  0%| F|  |TAMS 0x000000009ce00000| PB 0x000000009ce00000| Untracked 
| 463|0x000000009cf00000, 0x000000009d000000, 0x000000009d000000|100%|HS|  |TAMS 0x000000009d000000| PB 0x000000009cf00000| Complete 
| 464|0x000000009d000000, 0x000000009d000000, 0x000000009d100000|  0%| F|  |TAMS 0x000000009d000000| PB 0x000000009d000000| Untracked 
| 465|0x000000009d100000, 0x000000009d100000, 0x000000009d200000|  0%| F|  |TAMS 0x000000009d100000| PB 0x000000009d100000| Untracked 
| 466|0x000000009d200000, 0x000000009d200000, 0x000000009d300000|  0%| F|  |TAMS 0x000000009d200000| PB 0x000000009d200000| Untracked 
| 467|0x000000009d300000, 0x000000009d300000, 0x000000009d400000|  0%| F|  |TAMS 0x000000009d300000| PB 0x000000009d300000| Untracked 
| 468|0x000000009d400000, 0x000000009d400000, 0x000000009d500000|  0%| F|  |TAMS 0x000000009d400000| PB 0x000000009d400000| Untracked 
| 469|0x000000009d500000, 0x000000009d500000, 0x000000009d600000|  0%| F|  |TAMS 0x000000009d500000| PB 0x000000009d500000| Untracked 
| 470|0x000000009d600000, 0x000000009d600000, 0x000000009d700000|  0%| F|  |TAMS 0x000000009d600000| PB 0x000000009d600000| Untracked 
| 471|0x000000009d700000, 0x000000009d700000, 0x000000009d800000|  0%| F|  |TAMS 0x000000009d700000| PB 0x000000009d700000| Untracked 
| 472|0x000000009d800000, 0x000000009d800000, 0x000000009d900000|  0%| F|  |TAMS 0x000000009d800000| PB 0x000000009d800000| Untracked 
| 473|0x000000009d900000, 0x000000009d900000, 0x000000009da00000|  0%| F|  |TAMS 0x000000009d900000| PB 0x000000009d900000| Untracked 
| 474|0x000000009da00000, 0x000000009da00000, 0x000000009db00000|  0%| F|  |TAMS 0x000000009da00000| PB 0x000000009da00000| Untracked 
| 475|0x000000009db00000, 0x000000009db00000, 0x000000009dc00000|  0%| F|  |TAMS 0x000000009db00000| PB 0x000000009db00000| Untracked 
| 476|0x000000009dc00000, 0x000000009dc00000, 0x000000009dd00000|  0%| F|  |TAMS 0x000000009dc00000| PB 0x000000009dc00000| Untracked 
| 477|0x000000009dd00000, 0x000000009dd00000, 0x000000009de00000|  0%| F|  |TAMS 0x000000009dd00000| PB 0x000000009dd00000| Untracked 
| 478|0x000000009de00000, 0x000000009de00000, 0x000000009df00000|  0%| F|  |TAMS 0x000000009de00000| PB 0x000000009de00000| Untracked 
| 479|0x000000009df00000, 0x000000009df00000, 0x000000009e000000|  0%| F|  |TAMS 0x000000009df00000| PB 0x000000009df00000| Untracked 
| 480|0x000000009e000000, 0x000000009e000000, 0x000000009e100000|  0%| F|  |TAMS 0x000000009e000000| PB 0x000000009e000000| Untracked 
| 481|0x000000009e100000, 0x000000009e100000, 0x000000009e200000|  0%| F|  |TAMS 0x000000009e100000| PB 0x000000009e100000| Untracked 
| 482|0x000000009e200000, 0x000000009e200000, 0x000000009e300000|  0%| F|  |TAMS 0x000000009e200000| PB 0x000000009e200000| Untracked 
| 483|0x000000009e300000, 0x000000009e300000, 0x000000009e400000|  0%| F|  |TAMS 0x000000009e300000| PB 0x000000009e300000| Untracked 
| 484|0x000000009e400000, 0x000000009e400000, 0x000000009e500000|  0%| F|  |TAMS 0x000000009e400000| PB 0x000000009e400000| Untracked 
| 485|0x000000009e500000, 0x000000009e500000, 0x000000009e600000|  0%| F|  |TAMS 0x000000009e500000| PB 0x000000009e500000| Untracked 
| 486|0x000000009e600000, 0x000000009e600000, 0x000000009e700000|  0%| F|  |TAMS 0x000000009e600000| PB 0x000000009e600000| Untracked 
| 487|0x000000009e700000, 0x000000009e700000, 0x000000009e800000|  0%| F|  |TAMS 0x000000009e700000| PB 0x000000009e700000| Untracked 
| 488|0x000000009e800000, 0x000000009e8deaf0, 0x000000009e900000| 86%| S|CS|TAMS 0x000000009e800000| PB 0x000000009e800000| Complete 
| 489|0x000000009e900000, 0x000000009ea00000, 0x000000009ea00000|100%| S|CS|TAMS 0x000000009e900000| PB 0x000000009e900000| Complete 
| 490|0x000000009ea00000, 0x000000009ea00000, 0x000000009eb00000|  0%| F|  |TAMS 0x000000009ea00000| PB 0x000000009ea00000| Untracked 
| 491|0x000000009eb00000, 0x000000009eb00000, 0x000000009ec00000|  0%| F|  |TAMS 0x000000009eb00000| PB 0x000000009eb00000| Untracked 
| 492|0x000000009ec00000, 0x000000009ec00000, 0x000000009ed00000|  0%| F|  |TAMS 0x000000009ec00000| PB 0x000000009ec00000| Untracked 
| 493|0x000000009ed00000, 0x000000009ed00000, 0x000000009ee00000|  0%| F|  |TAMS 0x000000009ed00000| PB 0x000000009ed00000| Untracked 
| 494|0x000000009ee00000, 0x000000009ee00000, 0x000000009ef00000|  0%| F|  |TAMS 0x000000009ee00000| PB 0x000000009ee00000| Untracked 
| 495|0x000000009ef00000, 0x000000009ef00000, 0x000000009f000000|  0%| F|  |TAMS 0x000000009ef00000| PB 0x000000009ef00000| Untracked 
| 496|0x000000009f000000, 0x000000009f000000, 0x000000009f100000|  0%| F|  |TAMS 0x000000009f000000| PB 0x000000009f000000| Untracked 
| 497|0x000000009f100000, 0x000000009f100000, 0x000000009f200000|  0%| F|  |TAMS 0x000000009f100000| PB 0x000000009f100000| Untracked 
| 498|0x000000009f200000, 0x000000009f200000, 0x000000009f300000|  0%| F|  |TAMS 0x000000009f200000| PB 0x000000009f200000| Untracked 
| 499|0x000000009f300000, 0x000000009f300000, 0x000000009f400000|  0%| F|  |TAMS 0x000000009f300000| PB 0x000000009f300000| Untracked 
| 500|0x000000009f400000, 0x000000009f400000, 0x000000009f500000|  0%| F|  |TAMS 0x000000009f400000| PB 0x000000009f400000| Untracked 
| 501|0x000000009f500000, 0x000000009f500000, 0x000000009f600000|  0%| F|  |TAMS 0x000000009f500000| PB 0x000000009f500000| Untracked 
| 502|0x000000009f600000, 0x000000009f600000, 0x000000009f700000|  0%| F|  |TAMS 0x000000009f600000| PB 0x000000009f600000| Untracked 
| 503|0x000000009f700000, 0x000000009f700000, 0x000000009f800000|  0%| F|  |TAMS 0x000000009f700000| PB 0x000000009f700000| Untracked 
| 504|0x000000009f800000, 0x000000009f800000, 0x000000009f900000|  0%| F|  |TAMS 0x000000009f800000| PB 0x000000009f800000| Untracked 
| 505|0x000000009f900000, 0x000000009f900000, 0x000000009fa00000|  0%| F|  |TAMS 0x000000009f900000| PB 0x000000009f900000| Untracked 
| 506|0x000000009fa00000, 0x000000009fa00000, 0x000000009fb00000|  0%| F|  |TAMS 0x000000009fa00000| PB 0x000000009fa00000| Untracked 
| 507|0x000000009fb00000, 0x000000009fb00000, 0x000000009fc00000|  0%| F|  |TAMS 0x000000009fb00000| PB 0x000000009fb00000| Untracked 
| 508|0x000000009fc00000, 0x000000009fc00000, 0x000000009fd00000|  0%| F|  |TAMS 0x000000009fc00000| PB 0x000000009fc00000| Untracked 
| 509|0x000000009fd00000, 0x000000009fd00000, 0x000000009fe00000|  0%| F|  |TAMS 0x000000009fd00000| PB 0x000000009fd00000| Untracked 
| 510|0x000000009fe00000, 0x000000009fe00000, 0x000000009ff00000|  0%| F|  |TAMS 0x000000009fe00000| PB 0x000000009fe00000| Untracked 
| 511|0x000000009ff00000, 0x000000009ff00000, 0x00000000a0000000|  0%| F|  |TAMS 0x000000009ff00000| PB 0x000000009ff00000| Untracked 
| 512|0x00000000a0000000, 0x00000000a0000000, 0x00000000a0100000|  0%| F|  |TAMS 0x00000000a0000000| PB 0x00000000a0000000| Untracked 
| 513|0x00000000a0100000, 0x00000000a0100000, 0x00000000a0200000|  0%| F|  |TAMS 0x00000000a0100000| PB 0x00000000a0100000| Untracked 
| 514|0x00000000a0200000, 0x00000000a0200000, 0x00000000a0300000|  0%| F|  |TAMS 0x00000000a0200000| PB 0x00000000a0200000| Untracked 
| 515|0x00000000a0300000, 0x00000000a0300000, 0x00000000a0400000|  0%| F|  |TAMS 0x00000000a0300000| PB 0x00000000a0300000| Untracked 
| 516|0x00000000a0400000, 0x00000000a0400000, 0x00000000a0500000|  0%| F|  |TAMS 0x00000000a0400000| PB 0x00000000a0400000| Untracked 
| 517|0x00000000a0500000, 0x00000000a0500000, 0x00000000a0600000|  0%| F|  |TAMS 0x00000000a0500000| PB 0x00000000a0500000| Untracked 
| 518|0x00000000a0600000, 0x00000000a0600000, 0x00000000a0700000|  0%| F|  |TAMS 0x00000000a0600000| PB 0x00000000a0600000| Untracked 
| 519|0x00000000a0700000, 0x00000000a0700000, 0x00000000a0800000|  0%| F|  |TAMS 0x00000000a0700000| PB 0x00000000a0700000| Untracked 
| 520|0x00000000a0800000, 0x00000000a0800000, 0x00000000a0900000|  0%| F|  |TAMS 0x00000000a0800000| PB 0x00000000a0800000| Untracked 
| 521|0x00000000a0900000, 0x00000000a0900000, 0x00000000a0a00000|  0%| F|  |TAMS 0x00000000a0900000| PB 0x00000000a0900000| Untracked 
| 522|0x00000000a0a00000, 0x00000000a0b00000, 0x00000000a0b00000|100%| E|  |TAMS 0x00000000a0a00000| PB 0x00000000a0a00000| Complete 
| 523|0x00000000a0b00000, 0x00000000a0c00000, 0x00000000a0c00000|100%| E|CS|TAMS 0x00000000a0b00000| PB 0x00000000a0b00000| Complete 
| 524|0x00000000a0c00000, 0x00000000a0d00000, 0x00000000a0d00000|100%| E|CS|TAMS 0x00000000a0c00000| PB 0x00000000a0c00000| Complete 
| 525|0x00000000a0d00000, 0x00000000a0e00000, 0x00000000a0e00000|100%| E|CS|TAMS 0x00000000a0d00000| PB 0x00000000a0d00000| Complete 
| 526|0x00000000a0e00000, 0x00000000a0f00000, 0x00000000a0f00000|100%| E|CS|TAMS 0x00000000a0e00000| PB 0x00000000a0e00000| Complete 
| 527|0x00000000a0f00000, 0x00000000a1000000, 0x00000000a1000000|100%| E|CS|TAMS 0x00000000a0f00000| PB 0x00000000a0f00000| Complete 
| 528|0x00000000a1000000, 0x00000000a1100000, 0x00000000a1100000|100%| E|CS|TAMS 0x00000000a1000000| PB 0x00000000a1000000| Complete 
| 529|0x00000000a1100000, 0x00000000a1200000, 0x00000000a1200000|100%| E|CS|TAMS 0x00000000a1100000| PB 0x00000000a1100000| Complete 
| 530|0x00000000a1200000, 0x00000000a1300000, 0x00000000a1300000|100%| E|CS|TAMS 0x00000000a1200000| PB 0x00000000a1200000| Complete 
| 531|0x00000000a1300000, 0x00000000a1400000, 0x00000000a1400000|100%| E|CS|TAMS 0x00000000a1300000| PB 0x00000000a1300000| Complete 
| 532|0x00000000a1400000, 0x00000000a1500000, 0x00000000a1500000|100%| E|CS|TAMS 0x00000000a1400000| PB 0x00000000a1400000| Complete 
| 533|0x00000000a1500000, 0x00000000a1600000, 0x00000000a1600000|100%| E|CS|TAMS 0x00000000a1500000| PB 0x00000000a1500000| Complete 
| 534|0x00000000a1600000, 0x00000000a1700000, 0x00000000a1700000|100%| E|CS|TAMS 0x00000000a1600000| PB 0x00000000a1600000| Complete 
| 535|0x00000000a1700000, 0x00000000a1800000, 0x00000000a1800000|100%| E|CS|TAMS 0x00000000a1700000| PB 0x00000000a1700000| Complete 
| 536|0x00000000a1800000, 0x00000000a1900000, 0x00000000a1900000|100%| E|CS|TAMS 0x00000000a1800000| PB 0x00000000a1800000| Complete 
| 537|0x00000000a1900000, 0x00000000a1a00000, 0x00000000a1a00000|100%| E|CS|TAMS 0x00000000a1900000| PB 0x00000000a1900000| Complete 
| 538|0x00000000a1a00000, 0x00000000a1b00000, 0x00000000a1b00000|100%| E|CS|TAMS 0x00000000a1a00000| PB 0x00000000a1a00000| Complete 
| 539|0x00000000a1b00000, 0x00000000a1c00000, 0x00000000a1c00000|100%| E|CS|TAMS 0x00000000a1b00000| PB 0x00000000a1b00000| Complete 
| 540|0x00000000a1c00000, 0x00000000a1d00000, 0x00000000a1d00000|100%| E|CS|TAMS 0x00000000a1c00000| PB 0x00000000a1c00000| Complete 
| 541|0x00000000a1d00000, 0x00000000a1e00000, 0x00000000a1e00000|100%| E|CS|TAMS 0x00000000a1d00000| PB 0x00000000a1d00000| Complete 
| 542|0x00000000a1e00000, 0x00000000a1f00000, 0x00000000a1f00000|100%| E|CS|TAMS 0x00000000a1e00000| PB 0x00000000a1e00000| Complete 
| 543|0x00000000a1f00000, 0x00000000a2000000, 0x00000000a2000000|100%| E|CS|TAMS 0x00000000a1f00000| PB 0x00000000a1f00000| Complete 
| 544|0x00000000a2000000, 0x00000000a2100000, 0x00000000a2100000|100%| E|CS|TAMS 0x00000000a2000000| PB 0x00000000a2000000| Complete 
| 545|0x00000000a2100000, 0x00000000a2200000, 0x00000000a2200000|100%| E|CS|TAMS 0x00000000a2100000| PB 0x00000000a2100000| Complete 
| 546|0x00000000a2200000, 0x00000000a2300000, 0x00000000a2300000|100%| E|CS|TAMS 0x00000000a2200000| PB 0x00000000a2200000| Complete 
| 547|0x00000000a2300000, 0x00000000a2400000, 0x00000000a2400000|100%| E|CS|TAMS 0x00000000a2300000| PB 0x00000000a2300000| Complete 
| 548|0x00000000a2400000, 0x00000000a2500000, 0x00000000a2500000|100%| E|CS|TAMS 0x00000000a2400000| PB 0x00000000a2400000| Complete 
| 549|0x00000000a2500000, 0x00000000a2600000, 0x00000000a2600000|100%| E|CS|TAMS 0x00000000a2500000| PB 0x00000000a2500000| Complete 
| 550|0x00000000a2600000, 0x00000000a2700000, 0x00000000a2700000|100%| E|CS|TAMS 0x00000000a2600000| PB 0x00000000a2600000| Complete 
| 551|0x00000000a2700000, 0x00000000a2800000, 0x00000000a2800000|100%| E|CS|TAMS 0x00000000a2700000| PB 0x00000000a2700000| Complete 
| 552|0x00000000a2800000, 0x00000000a2900000, 0x00000000a2900000|100%| E|CS|TAMS 0x00000000a2800000| PB 0x00000000a2800000| Complete 
| 553|0x00000000a2900000, 0x00000000a2a00000, 0x00000000a2a00000|100%| E|CS|TAMS 0x00000000a2900000| PB 0x00000000a2900000| Complete 
| 554|0x00000000a2a00000, 0x00000000a2b00000, 0x00000000a2b00000|100%| E|CS|TAMS 0x00000000a2a00000| PB 0x00000000a2a00000| Complete 
| 555|0x00000000a2b00000, 0x00000000a2c00000, 0x00000000a2c00000|100%| E|CS|TAMS 0x00000000a2b00000| PB 0x00000000a2b00000| Complete 
| 556|0x00000000a2c00000, 0x00000000a2d00000, 0x00000000a2d00000|100%| E|CS|TAMS 0x00000000a2c00000| PB 0x00000000a2c00000| Complete 
| 557|0x00000000a2d00000, 0x00000000a2e00000, 0x00000000a2e00000|100%| E|CS|TAMS 0x00000000a2d00000| PB 0x00000000a2d00000| Complete 
| 558|0x00000000a2e00000, 0x00000000a2f00000, 0x00000000a2f00000|100%| E|CS|TAMS 0x00000000a2e00000| PB 0x00000000a2e00000| Complete 
| 559|0x00000000a2f00000, 0x00000000a3000000, 0x00000000a3000000|100%| E|CS|TAMS 0x00000000a2f00000| PB 0x00000000a2f00000| Complete 
| 560|0x00000000a3000000, 0x00000000a3100000, 0x00000000a3100000|100%| E|CS|TAMS 0x00000000a3000000| PB 0x00000000a3000000| Complete 
| 561|0x00000000a3100000, 0x00000000a3200000, 0x00000000a3200000|100%| E|CS|TAMS 0x00000000a3100000| PB 0x00000000a3100000| Complete 
| 562|0x00000000a3200000, 0x00000000a3300000, 0x00000000a3300000|100%| E|CS|TAMS 0x00000000a3200000| PB 0x00000000a3200000| Complete 
| 563|0x00000000a3300000, 0x00000000a3400000, 0x00000000a3400000|100%| E|CS|TAMS 0x00000000a3300000| PB 0x00000000a3300000| Complete 
| 564|0x00000000a3400000, 0x00000000a3500000, 0x00000000a3500000|100%| E|CS|TAMS 0x00000000a3400000| PB 0x00000000a3400000| Complete 
| 565|0x00000000a3500000, 0x00000000a3600000, 0x00000000a3600000|100%| E|CS|TAMS 0x00000000a3500000| PB 0x00000000a3500000| Complete 
| 566|0x00000000a3600000, 0x00000000a3700000, 0x00000000a3700000|100%| E|CS|TAMS 0x00000000a3600000| PB 0x00000000a3600000| Complete 
| 567|0x00000000a3700000, 0x00000000a3800000, 0x00000000a3800000|100%| E|CS|TAMS 0x00000000a3700000| PB 0x00000000a3700000| Complete 
| 568|0x00000000a3800000, 0x00000000a3900000, 0x00000000a3900000|100%| E|CS|TAMS 0x00000000a3800000| PB 0x00000000a3800000| Complete 
| 569|0x00000000a3900000, 0x00000000a3a00000, 0x00000000a3a00000|100%| E|CS|TAMS 0x00000000a3900000| PB 0x00000000a3900000| Complete 
| 570|0x00000000a3a00000, 0x00000000a3b00000, 0x00000000a3b00000|100%| E|CS|TAMS 0x00000000a3a00000| PB 0x00000000a3a00000| Complete 
| 571|0x00000000a3b00000, 0x00000000a3c00000, 0x00000000a3c00000|100%| E|CS|TAMS 0x00000000a3b00000| PB 0x00000000a3b00000| Complete 
| 572|0x00000000a3c00000, 0x00000000a3d00000, 0x00000000a3d00000|100%| E|CS|TAMS 0x00000000a3c00000| PB 0x00000000a3c00000| Complete 
| 573|0x00000000a3d00000, 0x00000000a3e00000, 0x00000000a3e00000|100%| E|CS|TAMS 0x00000000a3d00000| PB 0x00000000a3d00000| Complete 
| 574|0x00000000a3e00000, 0x00000000a3f00000, 0x00000000a3f00000|100%| E|CS|TAMS 0x00000000a3e00000| PB 0x00000000a3e00000| Complete 
| 575|0x00000000a3f00000, 0x00000000a4000000, 0x00000000a4000000|100%| E|CS|TAMS 0x00000000a3f00000| PB 0x00000000a3f00000| Complete 
| 576|0x00000000a4000000, 0x00000000a4100000, 0x00000000a4100000|100%| E|CS|TAMS 0x00000000a4000000| PB 0x00000000a4000000| Complete 
| 577|0x00000000a4100000, 0x00000000a4200000, 0x00000000a4200000|100%| E|CS|TAMS 0x00000000a4100000| PB 0x00000000a4100000| Complete 
| 578|0x00000000a4200000, 0x00000000a4300000, 0x00000000a4300000|100%| E|CS|TAMS 0x00000000a4200000| PB 0x00000000a4200000| Complete 
| 579|0x00000000a4300000, 0x00000000a4400000, 0x00000000a4400000|100%| E|CS|TAMS 0x00000000a4300000| PB 0x00000000a4300000| Complete 
| 580|0x00000000a4400000, 0x00000000a4500000, 0x00000000a4500000|100%| E|CS|TAMS 0x00000000a4400000| PB 0x00000000a4400000| Complete 
| 581|0x00000000a4500000, 0x00000000a4600000, 0x00000000a4600000|100%| E|CS|TAMS 0x00000000a4500000| PB 0x00000000a4500000| Complete 
| 582|0x00000000a4600000, 0x00000000a4700000, 0x00000000a4700000|100%| E|CS|TAMS 0x00000000a4600000| PB 0x00000000a4600000| Complete 
| 583|0x00000000a4700000, 0x00000000a4800000, 0x00000000a4800000|100%| E|CS|TAMS 0x00000000a4700000| PB 0x00000000a4700000| Complete 
| 584|0x00000000a4800000, 0x00000000a4900000, 0x00000000a4900000|100%| E|CS|TAMS 0x00000000a4800000| PB 0x00000000a4800000| Complete 
| 585|0x00000000a4900000, 0x00000000a4a00000, 0x00000000a4a00000|100%| E|CS|TAMS 0x00000000a4900000| PB 0x00000000a4900000| Complete 
| 586|0x00000000a4a00000, 0x00000000a4b00000, 0x00000000a4b00000|100%| E|CS|TAMS 0x00000000a4a00000| PB 0x00000000a4a00000| Complete 
| 587|0x00000000a4b00000, 0x00000000a4c00000, 0x00000000a4c00000|100%| E|CS|TAMS 0x00000000a4b00000| PB 0x00000000a4b00000| Complete 
| 588|0x00000000a4c00000, 0x00000000a4d00000, 0x00000000a4d00000|100%| E|CS|TAMS 0x00000000a4c00000| PB 0x00000000a4c00000| Complete 
| 589|0x00000000a4d00000, 0x00000000a4e00000, 0x00000000a4e00000|100%| E|CS|TAMS 0x00000000a4d00000| PB 0x00000000a4d00000| Complete 
| 590|0x00000000a4e00000, 0x00000000a4f00000, 0x00000000a4f00000|100%| E|CS|TAMS 0x00000000a4e00000| PB 0x00000000a4e00000| Complete 
| 591|0x00000000a4f00000, 0x00000000a5000000, 0x00000000a5000000|100%| E|CS|TAMS 0x00000000a4f00000| PB 0x00000000a4f00000| Complete 
| 592|0x00000000a5000000, 0x00000000a5100000, 0x00000000a5100000|100%| E|CS|TAMS 0x00000000a5000000| PB 0x00000000a5000000| Complete 
| 593|0x00000000a5100000, 0x00000000a5200000, 0x00000000a5200000|100%| E|CS|TAMS 0x00000000a5100000| PB 0x00000000a5100000| Complete 
| 594|0x00000000a5200000, 0x00000000a5300000, 0x00000000a5300000|100%| E|CS|TAMS 0x00000000a5200000| PB 0x00000000a5200000| Complete 
| 595|0x00000000a5300000, 0x00000000a5400000, 0x00000000a5400000|100%| E|CS|TAMS 0x00000000a5300000| PB 0x00000000a5300000| Complete 
| 596|0x00000000a5400000, 0x00000000a5500000, 0x00000000a5500000|100%| E|CS|TAMS 0x00000000a5400000| PB 0x00000000a5400000| Complete 
| 597|0x00000000a5500000, 0x00000000a5600000, 0x00000000a5600000|100%| E|  |TAMS 0x00000000a5500000| PB 0x00000000a5500000| Complete 
| 598|0x00000000a5600000, 0x00000000a5700000, 0x00000000a5700000|100%| E|CS|TAMS 0x00000000a5600000| PB 0x00000000a5600000| Complete 
| 599|0x00000000a5700000, 0x00000000a5800000, 0x00000000a5800000|100%| E|CS|TAMS 0x00000000a5700000| PB 0x00000000a5700000| Complete 
| 600|0x00000000a5800000, 0x00000000a5900000, 0x00000000a5900000|100%| E|CS|TAMS 0x00000000a5800000| PB 0x00000000a5800000| Complete 
| 601|0x00000000a5900000, 0x00000000a5a00000, 0x00000000a5a00000|100%| E|CS|TAMS 0x00000000a5900000| PB 0x00000000a5900000| Complete 
| 602|0x00000000a5a00000, 0x00000000a5b00000, 0x00000000a5b00000|100%| E|CS|TAMS 0x00000000a5a00000| PB 0x00000000a5a00000| Complete 
| 603|0x00000000a5b00000, 0x00000000a5c00000, 0x00000000a5c00000|100%| E|CS|TAMS 0x00000000a5b00000| PB 0x00000000a5b00000| Complete 
| 604|0x00000000a5c00000, 0x00000000a5d00000, 0x00000000a5d00000|100%| E|CS|TAMS 0x00000000a5c00000| PB 0x00000000a5c00000| Complete 
| 605|0x00000000a5d00000, 0x00000000a5e00000, 0x00000000a5e00000|100%| E|CS|TAMS 0x00000000a5d00000| PB 0x00000000a5d00000| Complete 
| 606|0x00000000a5e00000, 0x00000000a5f00000, 0x00000000a5f00000|100%| E|CS|TAMS 0x00000000a5e00000| PB 0x00000000a5e00000| Complete 
| 607|0x00000000a5f00000, 0x00000000a6000000, 0x00000000a6000000|100%| E|CS|TAMS 0x00000000a5f00000| PB 0x00000000a5f00000| Complete 
| 608|0x00000000a6000000, 0x00000000a6100000, 0x00000000a6100000|100%| E|CS|TAMS 0x00000000a6000000| PB 0x00000000a6000000| Complete 
| 609|0x00000000a6100000, 0x00000000a6200000, 0x00000000a6200000|100%| E|CS|TAMS 0x00000000a6100000| PB 0x00000000a6100000| Complete 
| 610|0x00000000a6200000, 0x00000000a6300000, 0x00000000a6300000|100%| E|CS|TAMS 0x00000000a6200000| PB 0x00000000a6200000| Complete 
| 611|0x00000000a6300000, 0x00000000a6400000, 0x00000000a6400000|100%| E|CS|TAMS 0x00000000a6300000| PB 0x00000000a6300000| Complete 
| 612|0x00000000a6400000, 0x00000000a6500000, 0x00000000a6500000|100%| E|CS|TAMS 0x00000000a6400000| PB 0x00000000a6400000| Complete 
| 613|0x00000000a6500000, 0x00000000a6600000, 0x00000000a6600000|100%| E|CS|TAMS 0x00000000a6500000| PB 0x00000000a6500000| Complete 
| 614|0x00000000a6600000, 0x00000000a6700000, 0x00000000a6700000|100%| E|CS|TAMS 0x00000000a6600000| PB 0x00000000a6600000| Complete 
| 615|0x00000000a6700000, 0x00000000a6800000, 0x00000000a6800000|100%| E|CS|TAMS 0x00000000a6700000| PB 0x00000000a6700000| Complete 
| 616|0x00000000a6800000, 0x00000000a6900000, 0x00000000a6900000|100%| E|CS|TAMS 0x00000000a6800000| PB 0x00000000a6800000| Complete 
| 617|0x00000000a6900000, 0x00000000a6a00000, 0x00000000a6a00000|100%| E|CS|TAMS 0x00000000a6900000| PB 0x00000000a6900000| Complete 
| 618|0x00000000a6a00000, 0x00000000a6b00000, 0x00000000a6b00000|100%| E|CS|TAMS 0x00000000a6a00000| PB 0x00000000a6a00000| Complete 
| 619|0x00000000a6b00000, 0x00000000a6c00000, 0x00000000a6c00000|100%| E|CS|TAMS 0x00000000a6b00000| PB 0x00000000a6b00000| Complete 
| 620|0x00000000a6c00000, 0x00000000a6d00000, 0x00000000a6d00000|100%| E|CS|TAMS 0x00000000a6c00000| PB 0x00000000a6c00000| Complete 
| 621|0x00000000a6d00000, 0x00000000a6e00000, 0x00000000a6e00000|100%| E|CS|TAMS 0x00000000a6d00000| PB 0x00000000a6d00000| Complete 
| 622|0x00000000a6e00000, 0x00000000a6f00000, 0x00000000a6f00000|100%| E|CS|TAMS 0x00000000a6e00000| PB 0x00000000a6e00000| Complete 
| 623|0x00000000a6f00000, 0x00000000a7000000, 0x00000000a7000000|100%| E|CS|TAMS 0x00000000a6f00000| PB 0x00000000a6f00000| Complete 
| 624|0x00000000a7000000, 0x00000000a7100000, 0x00000000a7100000|100%| E|CS|TAMS 0x00000000a7000000| PB 0x00000000a7000000| Complete 
| 625|0x00000000a7100000, 0x00000000a7200000, 0x00000000a7200000|100%| E|CS|TAMS 0x00000000a7100000| PB 0x00000000a7100000| Complete 
| 626|0x00000000a7200000, 0x00000000a7300000, 0x00000000a7300000|100%| E|CS|TAMS 0x00000000a7200000| PB 0x00000000a7200000| Complete 
| 627|0x00000000a7300000, 0x00000000a7400000, 0x00000000a7400000|100%| E|CS|TAMS 0x00000000a7300000| PB 0x00000000a7300000| Complete 
| 628|0x00000000a7400000, 0x00000000a7500000, 0x00000000a7500000|100%| E|CS|TAMS 0x00000000a7400000| PB 0x00000000a7400000| Complete 
| 629|0x00000000a7500000, 0x00000000a7600000, 0x00000000a7600000|100%| E|CS|TAMS 0x00000000a7500000| PB 0x00000000a7500000| Complete 
| 630|0x00000000a7600000, 0x00000000a7700000, 0x00000000a7700000|100%| E|CS|TAMS 0x00000000a7600000| PB 0x00000000a7600000| Complete 
| 631|0x00000000a7700000, 0x00000000a7800000, 0x00000000a7800000|100%| E|CS|TAMS 0x00000000a7700000| PB 0x00000000a7700000| Complete 
| 632|0x00000000a7800000, 0x00000000a7900000, 0x00000000a7900000|100%| E|CS|TAMS 0x00000000a7800000| PB 0x00000000a7800000| Complete 
| 633|0x00000000a7900000, 0x00000000a7a00000, 0x00000000a7a00000|100%| E|CS|TAMS 0x00000000a7900000| PB 0x00000000a7900000| Complete 
| 634|0x00000000a7a00000, 0x00000000a7b00000, 0x00000000a7b00000|100%| E|CS|TAMS 0x00000000a7a00000| PB 0x00000000a7a00000| Complete 
| 635|0x00000000a7b00000, 0x00000000a7c00000, 0x00000000a7c00000|100%| E|CS|TAMS 0x00000000a7b00000| PB 0x00000000a7b00000| Complete 
| 636|0x00000000a7c00000, 0x00000000a7d00000, 0x00000000a7d00000|100%| E|CS|TAMS 0x00000000a7c00000| PB 0x00000000a7c00000| Complete 
| 637|0x00000000a7d00000, 0x00000000a7e00000, 0x00000000a7e00000|100%| E|CS|TAMS 0x00000000a7d00000| PB 0x00000000a7d00000| Complete 
| 638|0x00000000a7e00000, 0x00000000a7f00000, 0x00000000a7f00000|100%| E|CS|TAMS 0x00000000a7e00000| PB 0x00000000a7e00000| Complete 
| 639|0x00000000a7f00000, 0x00000000a8000000, 0x00000000a8000000|100%| E|CS|TAMS 0x00000000a7f00000| PB 0x00000000a7f00000| Complete 
| 640|0x00000000a8000000, 0x00000000a8100000, 0x00000000a8100000|100%| E|CS|TAMS 0x00000000a8000000| PB 0x00000000a8000000| Complete 
| 641|0x00000000a8100000, 0x00000000a8200000, 0x00000000a8200000|100%| E|CS|TAMS 0x00000000a8100000| PB 0x00000000a8100000| Complete 
| 642|0x00000000a8200000, 0x00000000a8300000, 0x00000000a8300000|100%| E|CS|TAMS 0x00000000a8200000| PB 0x00000000a8200000| Complete 
| 643|0x00000000a8300000, 0x00000000a8400000, 0x00000000a8400000|100%| E|CS|TAMS 0x00000000a8300000| PB 0x00000000a8300000| Complete 
| 644|0x00000000a8400000, 0x00000000a8500000, 0x00000000a8500000|100%| E|CS|TAMS 0x00000000a8400000| PB 0x00000000a8400000| Complete 
| 645|0x00000000a8500000, 0x00000000a8600000, 0x00000000a8600000|100%| E|CS|TAMS 0x00000000a8500000| PB 0x00000000a8500000| Complete 
| 646|0x00000000a8600000, 0x00000000a8700000, 0x00000000a8700000|100%| E|CS|TAMS 0x00000000a8600000| PB 0x00000000a8600000| Complete 
| 647|0x00000000a8700000, 0x00000000a8800000, 0x00000000a8800000|100%| E|CS|TAMS 0x00000000a8700000| PB 0x00000000a8700000| Complete 
| 648|0x00000000a8800000, 0x00000000a8900000, 0x00000000a8900000|100%| E|CS|TAMS 0x00000000a8800000| PB 0x00000000a8800000| Complete 
| 649|0x00000000a8900000, 0x00000000a8a00000, 0x00000000a8a00000|100%| E|CS|TAMS 0x00000000a8900000| PB 0x00000000a8900000| Complete 
| 650|0x00000000a8a00000, 0x00000000a8b00000, 0x00000000a8b00000|100%| E|CS|TAMS 0x00000000a8a00000| PB 0x00000000a8a00000| Complete 
| 651|0x00000000a8b00000, 0x00000000a8c00000, 0x00000000a8c00000|100%| E|CS|TAMS 0x00000000a8b00000| PB 0x00000000a8b00000| Complete 
| 652|0x00000000a8c00000, 0x00000000a8d00000, 0x00000000a8d00000|100%| E|CS|TAMS 0x00000000a8c00000| PB 0x00000000a8c00000| Complete 
| 653|0x00000000a8d00000, 0x00000000a8e00000, 0x00000000a8e00000|100%| E|CS|TAMS 0x00000000a8d00000| PB 0x00000000a8d00000| Complete 
| 654|0x00000000a8e00000, 0x00000000a8f00000, 0x00000000a8f00000|100%| E|CS|TAMS 0x00000000a8e00000| PB 0x00000000a8e00000| Complete 
| 655|0x00000000a8f00000, 0x00000000a9000000, 0x00000000a9000000|100%| E|CS|TAMS 0x00000000a8f00000| PB 0x00000000a8f00000| Complete 
| 656|0x00000000a9000000, 0x00000000a9100000, 0x00000000a9100000|100%| E|CS|TAMS 0x00000000a9000000| PB 0x00000000a9000000| Complete 
| 657|0x00000000a9100000, 0x00000000a9200000, 0x00000000a9200000|100%| E|CS|TAMS 0x00000000a9100000| PB 0x00000000a9100000| Complete 
| 658|0x00000000a9200000, 0x00000000a9300000, 0x00000000a9300000|100%| E|CS|TAMS 0x00000000a9200000| PB 0x00000000a9200000| Complete 
| 659|0x00000000a9300000, 0x00000000a9400000, 0x00000000a9400000|100%| E|CS|TAMS 0x00000000a9300000| PB 0x00000000a9300000| Complete 
| 660|0x00000000a9400000, 0x00000000a9500000, 0x00000000a9500000|100%| E|CS|TAMS 0x00000000a9400000| PB 0x00000000a9400000| Complete 
| 661|0x00000000a9500000, 0x00000000a9600000, 0x00000000a9600000|100%| E|CS|TAMS 0x00000000a9500000| PB 0x00000000a9500000| Complete 
| 662|0x00000000a9600000, 0x00000000a9700000, 0x00000000a9700000|100%| E|CS|TAMS 0x00000000a9600000| PB 0x00000000a9600000| Complete 
| 663|0x00000000a9700000, 0x00000000a9800000, 0x00000000a9800000|100%| E|CS|TAMS 0x00000000a9700000| PB 0x00000000a9700000| Complete 
| 664|0x00000000a9800000, 0x00000000a9900000, 0x00000000a9900000|100%| E|CS|TAMS 0x00000000a9800000| PB 0x00000000a9800000| Complete 
| 665|0x00000000a9900000, 0x00000000a9a00000, 0x00000000a9a00000|100%| E|CS|TAMS 0x00000000a9900000| PB 0x00000000a9900000| Complete 
| 666|0x00000000a9a00000, 0x00000000a9b00000, 0x00000000a9b00000|100%| E|CS|TAMS 0x00000000a9a00000| PB 0x00000000a9a00000| Complete 
| 667|0x00000000a9b00000, 0x00000000a9c00000, 0x00000000a9c00000|100%| E|CS|TAMS 0x00000000a9b00000| PB 0x00000000a9b00000| Complete 
| 668|0x00000000a9c00000, 0x00000000a9d00000, 0x00000000a9d00000|100%| E|CS|TAMS 0x00000000a9c00000| PB 0x00000000a9c00000| Complete 
| 669|0x00000000a9d00000, 0x00000000a9e00000, 0x00000000a9e00000|100%| E|CS|TAMS 0x00000000a9d00000| PB 0x00000000a9d00000| Complete 
| 670|0x00000000a9e00000, 0x00000000a9f00000, 0x00000000a9f00000|100%| E|CS|TAMS 0x00000000a9e00000| PB 0x00000000a9e00000| Complete 
| 671|0x00000000a9f00000, 0x00000000aa000000, 0x00000000aa000000|100%| E|CS|TAMS 0x00000000a9f00000| PB 0x00000000a9f00000| Complete 
| 672|0x00000000aa000000, 0x00000000aa100000, 0x00000000aa100000|100%| E|CS|TAMS 0x00000000aa000000| PB 0x00000000aa000000| Complete 
| 673|0x00000000aa100000, 0x00000000aa200000, 0x00000000aa200000|100%| E|CS|TAMS 0x00000000aa100000| PB 0x00000000aa100000| Complete 
| 674|0x00000000aa200000, 0x00000000aa300000, 0x00000000aa300000|100%| E|CS|TAMS 0x00000000aa200000| PB 0x00000000aa200000| Complete 
| 675|0x00000000aa300000, 0x00000000aa400000, 0x00000000aa400000|100%| E|CS|TAMS 0x00000000aa300000| PB 0x00000000aa300000| Complete 
| 676|0x00000000aa400000, 0x00000000aa500000, 0x00000000aa500000|100%| E|CS|TAMS 0x00000000aa400000| PB 0x00000000aa400000| Complete 
| 677|0x00000000aa500000, 0x00000000aa600000, 0x00000000aa600000|100%| E|CS|TAMS 0x00000000aa500000| PB 0x00000000aa500000| Complete 
| 678|0x00000000aa600000, 0x00000000aa700000, 0x00000000aa700000|100%| E|CS|TAMS 0x00000000aa600000| PB 0x00000000aa600000| Complete 
| 679|0x00000000aa700000, 0x00000000aa800000, 0x00000000aa800000|100%| E|CS|TAMS 0x00000000aa700000| PB 0x00000000aa700000| Complete 
| 680|0x00000000aa800000, 0x00000000aa900000, 0x00000000aa900000|100%| E|CS|TAMS 0x00000000aa800000| PB 0x00000000aa800000| Complete 
| 681|0x00000000aa900000, 0x00000000aaa00000, 0x00000000aaa00000|100%| E|CS|TAMS 0x00000000aa900000| PB 0x00000000aa900000| Complete 
| 682|0x00000000aaa00000, 0x00000000aab00000, 0x00000000aab00000|100%| E|CS|TAMS 0x00000000aaa00000| PB 0x00000000aaa00000| Complete 
| 683|0x00000000aab00000, 0x00000000aac00000, 0x00000000aac00000|100%| E|CS|TAMS 0x00000000aab00000| PB 0x00000000aab00000| Complete 
| 684|0x00000000aac00000, 0x00000000aad00000, 0x00000000aad00000|100%| E|CS|TAMS 0x00000000aac00000| PB 0x00000000aac00000| Complete 
| 685|0x00000000aad00000, 0x00000000aae00000, 0x00000000aae00000|100%| E|CS|TAMS 0x00000000aad00000| PB 0x00000000aad00000| Complete 
| 686|0x00000000aae00000, 0x00000000aaf00000, 0x00000000aaf00000|100%| E|CS|TAMS 0x00000000aae00000| PB 0x00000000aae00000| Complete 
| 687|0x00000000aaf00000, 0x00000000ab000000, 0x00000000ab000000|100%| E|CS|TAMS 0x00000000aaf00000| PB 0x00000000aaf00000| Complete 
| 688|0x00000000ab000000, 0x00000000ab100000, 0x00000000ab100000|100%| E|CS|TAMS 0x00000000ab000000| PB 0x00000000ab000000| Complete 
| 689|0x00000000ab100000, 0x00000000ab200000, 0x00000000ab200000|100%| E|CS|TAMS 0x00000000ab100000| PB 0x00000000ab100000| Complete 
| 690|0x00000000ab200000, 0x00000000ab300000, 0x00000000ab300000|100%| E|CS|TAMS 0x00000000ab200000| PB 0x00000000ab200000| Complete 
| 691|0x00000000ab300000, 0x00000000ab400000, 0x00000000ab400000|100%| E|CS|TAMS 0x00000000ab300000| PB 0x00000000ab300000| Complete 
| 692|0x00000000ab400000, 0x00000000ab500000, 0x00000000ab500000|100%| E|CS|TAMS 0x00000000ab400000| PB 0x00000000ab400000| Complete 
| 693|0x00000000ab500000, 0x00000000ab600000, 0x00000000ab600000|100%| E|CS|TAMS 0x00000000ab500000| PB 0x00000000ab500000| Complete 
| 694|0x00000000ab600000, 0x00000000ab700000, 0x00000000ab700000|100%| E|CS|TAMS 0x00000000ab600000| PB 0x00000000ab600000| Complete 
| 695|0x00000000ab700000, 0x00000000ab800000, 0x00000000ab800000|100%| E|CS|TAMS 0x00000000ab700000| PB 0x00000000ab700000| Complete 
| 696|0x00000000ab800000, 0x00000000ab900000, 0x00000000ab900000|100%| E|CS|TAMS 0x00000000ab800000| PB 0x00000000ab800000| Complete 
| 697|0x00000000ab900000, 0x00000000aba00000, 0x00000000aba00000|100%| E|CS|TAMS 0x00000000ab900000| PB 0x00000000ab900000| Complete 
| 698|0x00000000aba00000, 0x00000000abb00000, 0x00000000abb00000|100%| E|CS|TAMS 0x00000000aba00000| PB 0x00000000aba00000| Complete 
| 699|0x00000000abb00000, 0x00000000abc00000, 0x00000000abc00000|100%| E|CS|TAMS 0x00000000abb00000| PB 0x00000000abb00000| Complete 
| 700|0x00000000abc00000, 0x00000000abd00000, 0x00000000abd00000|100%| E|CS|TAMS 0x00000000abc00000| PB 0x00000000abc00000| Complete 
| 701|0x00000000abd00000, 0x00000000abe00000, 0x00000000abe00000|100%| E|CS|TAMS 0x00000000abd00000| PB 0x00000000abd00000| Complete 
| 702|0x00000000abe00000, 0x00000000abf00000, 0x00000000abf00000|100%| E|CS|TAMS 0x00000000abe00000| PB 0x00000000abe00000| Complete 
| 703|0x00000000abf00000, 0x00000000ac000000, 0x00000000ac000000|100%| E|CS|TAMS 0x00000000abf00000| PB 0x00000000abf00000| Complete 
| 704|0x00000000ac000000, 0x00000000ac100000, 0x00000000ac100000|100%| E|CS|TAMS 0x00000000ac000000| PB 0x00000000ac000000| Complete 
| 705|0x00000000ac100000, 0x00000000ac200000, 0x00000000ac200000|100%| E|CS|TAMS 0x00000000ac100000| PB 0x00000000ac100000| Complete 
| 706|0x00000000ac200000, 0x00000000ac300000, 0x00000000ac300000|100%| E|CS|TAMS 0x00000000ac200000| PB 0x00000000ac200000| Complete 
| 707|0x00000000ac300000, 0x00000000ac400000, 0x00000000ac400000|100%| E|CS|TAMS 0x00000000ac300000| PB 0x00000000ac300000| Complete 
| 708|0x00000000ac400000, 0x00000000ac500000, 0x00000000ac500000|100%| E|CS|TAMS 0x00000000ac400000| PB 0x00000000ac400000| Complete 
| 709|0x00000000ac500000, 0x00000000ac600000, 0x00000000ac600000|100%| E|CS|TAMS 0x00000000ac500000| PB 0x00000000ac500000| Complete 
| 710|0x00000000ac600000, 0x00000000ac700000, 0x00000000ac700000|100%| E|CS|TAMS 0x00000000ac600000| PB 0x00000000ac600000| Complete 
| 711|0x00000000ac700000, 0x00000000ac800000, 0x00000000ac800000|100%| E|CS|TAMS 0x00000000ac700000| PB 0x00000000ac700000| Complete 
| 712|0x00000000ac800000, 0x00000000ac900000, 0x00000000ac900000|100%| E|CS|TAMS 0x00000000ac800000| PB 0x00000000ac800000| Complete 
| 713|0x00000000ac900000, 0x00000000aca00000, 0x00000000aca00000|100%| E|CS|TAMS 0x00000000ac900000| PB 0x00000000ac900000| Complete 
| 714|0x00000000aca00000, 0x00000000acb00000, 0x00000000acb00000|100%| E|CS|TAMS 0x00000000aca00000| PB 0x00000000aca00000| Complete 
| 715|0x00000000acb00000, 0x00000000acc00000, 0x00000000acc00000|100%| E|CS|TAMS 0x00000000acb00000| PB 0x00000000acb00000| Complete 
| 716|0x00000000acc00000, 0x00000000acd00000, 0x00000000acd00000|100%| E|CS|TAMS 0x00000000acc00000| PB 0x00000000acc00000| Complete 
| 717|0x00000000acd00000, 0x00000000ace00000, 0x00000000ace00000|100%| E|CS|TAMS 0x00000000acd00000| PB 0x00000000acd00000| Complete 
| 718|0x00000000ace00000, 0x00000000acf00000, 0x00000000acf00000|100%| E|CS|TAMS 0x00000000ace00000| PB 0x00000000ace00000| Complete 
| 719|0x00000000acf00000, 0x00000000ad000000, 0x00000000ad000000|100%| E|CS|TAMS 0x00000000acf00000| PB 0x00000000acf00000| Complete 
| 720|0x00000000ad000000, 0x00000000ad100000, 0x00000000ad100000|100%| E|CS|TAMS 0x00000000ad000000| PB 0x00000000ad000000| Complete 
| 721|0x00000000ad100000, 0x00000000ad200000, 0x00000000ad200000|100%| E|CS|TAMS 0x00000000ad100000| PB 0x00000000ad100000| Complete 
| 722|0x00000000ad200000, 0x00000000ad300000, 0x00000000ad300000|100%| E|CS|TAMS 0x00000000ad200000| PB 0x00000000ad200000| Complete 
| 723|0x00000000ad300000, 0x00000000ad400000, 0x00000000ad400000|100%| E|CS|TAMS 0x00000000ad300000| PB 0x00000000ad300000| Complete 
| 724|0x00000000ad400000, 0x00000000ad500000, 0x00000000ad500000|100%| E|CS|TAMS 0x00000000ad400000| PB 0x00000000ad400000| Complete 
| 725|0x00000000ad500000, 0x00000000ad600000, 0x00000000ad600000|100%| E|CS|TAMS 0x00000000ad500000| PB 0x00000000ad500000| Complete 
| 726|0x00000000ad600000, 0x00000000ad700000, 0x00000000ad700000|100%| E|CS|TAMS 0x00000000ad600000| PB 0x00000000ad600000| Complete 
| 727|0x00000000ad700000, 0x00000000ad800000, 0x00000000ad800000|100%| E|CS|TAMS 0x00000000ad700000| PB 0x00000000ad700000| Complete 
| 728|0x00000000ad800000, 0x00000000ad900000, 0x00000000ad900000|100%| E|CS|TAMS 0x00000000ad800000| PB 0x00000000ad800000| Complete 
| 729|0x00000000ad900000, 0x00000000ada00000, 0x00000000ada00000|100%| E|CS|TAMS 0x00000000ad900000| PB 0x00000000ad900000| Complete 
| 730|0x00000000ada00000, 0x00000000adb00000, 0x00000000adb00000|100%| E|CS|TAMS 0x00000000ada00000| PB 0x00000000ada00000| Complete 
| 731|0x00000000adb00000, 0x00000000adc00000, 0x00000000adc00000|100%| E|CS|TAMS 0x00000000adb00000| PB 0x00000000adb00000| Complete 
| 732|0x00000000adc00000, 0x00000000add00000, 0x00000000add00000|100%| E|CS|TAMS 0x00000000adc00000| PB 0x00000000adc00000| Complete 
| 733|0x00000000add00000, 0x00000000ade00000, 0x00000000ade00000|100%| E|CS|TAMS 0x00000000add00000| PB 0x00000000add00000| Complete 
| 734|0x00000000ade00000, 0x00000000adf00000, 0x00000000adf00000|100%| E|CS|TAMS 0x00000000ade00000| PB 0x00000000ade00000| Complete 
| 735|0x00000000adf00000, 0x00000000ae000000, 0x00000000ae000000|100%| E|CS|TAMS 0x00000000adf00000| PB 0x00000000adf00000| Complete 
| 736|0x00000000ae000000, 0x00000000ae100000, 0x00000000ae100000|100%| E|CS|TAMS 0x00000000ae000000| PB 0x00000000ae000000| Complete 
| 737|0x00000000ae100000, 0x00000000ae200000, 0x00000000ae200000|100%| E|CS|TAMS 0x00000000ae100000| PB 0x00000000ae100000| Complete 
| 738|0x00000000ae200000, 0x00000000ae300000, 0x00000000ae300000|100%| E|CS|TAMS 0x00000000ae200000| PB 0x00000000ae200000| Complete 
| 739|0x00000000ae300000, 0x00000000ae400000, 0x00000000ae400000|100%| E|CS|TAMS 0x00000000ae300000| PB 0x00000000ae300000| Complete 
| 740|0x00000000ae400000, 0x00000000ae500000, 0x00000000ae500000|100%| E|CS|TAMS 0x00000000ae400000| PB 0x00000000ae400000| Complete 
| 741|0x00000000ae500000, 0x00000000ae600000, 0x00000000ae600000|100%| E|CS|TAMS 0x00000000ae500000| PB 0x00000000ae500000| Complete 
| 742|0x00000000ae600000, 0x00000000ae700000, 0x00000000ae700000|100%| E|CS|TAMS 0x00000000ae600000| PB 0x00000000ae600000| Complete 
| 743|0x00000000ae700000, 0x00000000ae800000, 0x00000000ae800000|100%| E|CS|TAMS 0x00000000ae700000| PB 0x00000000ae700000| Complete 
| 744|0x00000000ae800000, 0x00000000ae900000, 0x00000000ae900000|100%| E|CS|TAMS 0x00000000ae800000| PB 0x00000000ae800000| Complete 
| 745|0x00000000ae900000, 0x00000000aea00000, 0x00000000aea00000|100%| E|CS|TAMS 0x00000000ae900000| PB 0x00000000ae900000| Complete 
| 746|0x00000000aea00000, 0x00000000aeb00000, 0x00000000aeb00000|100%| E|CS|TAMS 0x00000000aea00000| PB 0x00000000aea00000| Complete 
| 747|0x00000000aeb00000, 0x00000000aec00000, 0x00000000aec00000|100%| E|CS|TAMS 0x00000000aeb00000| PB 0x00000000aeb00000| Complete 
| 748|0x00000000aec00000, 0x00000000aed00000, 0x00000000aed00000|100%| E|CS|TAMS 0x00000000aec00000| PB 0x00000000aec00000| Complete 
| 749|0x00000000aed00000, 0x00000000aee00000, 0x00000000aee00000|100%| E|CS|TAMS 0x00000000aed00000| PB 0x00000000aed00000| Complete 
| 750|0x00000000aee00000, 0x00000000aef00000, 0x00000000aef00000|100%| E|CS|TAMS 0x00000000aee00000| PB 0x00000000aee00000| Complete 
| 751|0x00000000aef00000, 0x00000000af000000, 0x00000000af000000|100%| E|CS|TAMS 0x00000000aef00000| PB 0x00000000aef00000| Complete 
| 752|0x00000000af000000, 0x00000000af100000, 0x00000000af100000|100%| E|CS|TAMS 0x00000000af000000| PB 0x00000000af000000| Complete 
| 753|0x00000000af100000, 0x00000000af200000, 0x00000000af200000|100%| E|CS|TAMS 0x00000000af100000| PB 0x00000000af100000| Complete 
| 754|0x00000000af200000, 0x00000000af300000, 0x00000000af300000|100%| E|CS|TAMS 0x00000000af200000| PB 0x00000000af200000| Complete 
| 755|0x00000000af300000, 0x00000000af400000, 0x00000000af400000|100%| E|CS|TAMS 0x00000000af300000| PB 0x00000000af300000| Complete 
| 756|0x00000000af400000, 0x00000000af500000, 0x00000000af500000|100%| E|CS|TAMS 0x00000000af400000| PB 0x00000000af400000| Complete 
| 757|0x00000000af500000, 0x00000000af600000, 0x00000000af600000|100%| E|CS|TAMS 0x00000000af500000| PB 0x00000000af500000| Complete 
| 758|0x00000000af600000, 0x00000000af700000, 0x00000000af700000|100%| E|CS|TAMS 0x00000000af600000| PB 0x00000000af600000| Complete 
| 759|0x00000000af700000, 0x00000000af800000, 0x00000000af800000|100%| E|CS|TAMS 0x00000000af700000| PB 0x00000000af700000| Complete 
| 760|0x00000000af800000, 0x00000000af900000, 0x00000000af900000|100%| E|CS|TAMS 0x00000000af800000| PB 0x00000000af800000| Complete 
| 761|0x00000000af900000, 0x00000000afa00000, 0x00000000afa00000|100%| E|CS|TAMS 0x00000000af900000| PB 0x00000000af900000| Complete 
| 762|0x00000000afa00000, 0x00000000afb00000, 0x00000000afb00000|100%| E|CS|TAMS 0x00000000afa00000| PB 0x00000000afa00000| Complete 
| 763|0x00000000afb00000, 0x00000000afc00000, 0x00000000afc00000|100%| E|CS|TAMS 0x00000000afb00000| PB 0x00000000afb00000| Complete 
| 764|0x00000000afc00000, 0x00000000afd00000, 0x00000000afd00000|100%| E|CS|TAMS 0x00000000afc00000| PB 0x00000000afc00000| Complete 
| 765|0x00000000afd00000, 0x00000000afe00000, 0x00000000afe00000|100%| E|CS|TAMS 0x00000000afd00000| PB 0x00000000afd00000| Complete 
| 766|0x00000000afe00000, 0x00000000aff00000, 0x00000000aff00000|100%| E|CS|TAMS 0x00000000afe00000| PB 0x00000000afe00000| Complete 
| 767|0x00000000aff00000, 0x00000000b0000000, 0x00000000b0000000|100%| E|CS|TAMS 0x00000000aff00000| PB 0x00000000aff00000| Complete 
| 768|0x00000000b0000000, 0x00000000b0100000, 0x00000000b0100000|100%| E|CS|TAMS 0x00000000b0000000| PB 0x00000000b0000000| Complete 
| 769|0x00000000b0100000, 0x00000000b0200000, 0x00000000b0200000|100%| E|CS|TAMS 0x00000000b0100000| PB 0x00000000b0100000| Complete 
| 770|0x00000000b0200000, 0x00000000b0300000, 0x00000000b0300000|100%| E|CS|TAMS 0x00000000b0200000| PB 0x00000000b0200000| Complete 
| 771|0x00000000b0300000, 0x00000000b0400000, 0x00000000b0400000|100%| E|CS|TAMS 0x00000000b0300000| PB 0x00000000b0300000| Complete 
| 772|0x00000000b0400000, 0x00000000b0500000, 0x00000000b0500000|100%| E|CS|TAMS 0x00000000b0400000| PB 0x00000000b0400000| Complete 
| 773|0x00000000b0500000, 0x00000000b0600000, 0x00000000b0600000|100%| E|CS|TAMS 0x00000000b0500000| PB 0x00000000b0500000| Complete 
| 774|0x00000000b0600000, 0x00000000b0700000, 0x00000000b0700000|100%| E|CS|TAMS 0x00000000b0600000| PB 0x00000000b0600000| Complete 
| 775|0x00000000b0700000, 0x00000000b0800000, 0x00000000b0800000|100%| E|CS|TAMS 0x00000000b0700000| PB 0x00000000b0700000| Complete 
| 776|0x00000000b0800000, 0x00000000b0900000, 0x00000000b0900000|100%| E|CS|TAMS 0x00000000b0800000| PB 0x00000000b0800000| Complete 
|2010|0x00000000fda00000, 0x00000000fdb00000, 0x00000000fdb00000|100%| E|CS|TAMS 0x00000000fda00000| PB 0x00000000fda00000| Complete 
|2011|0x00000000fdb00000, 0x00000000fdc00000, 0x00000000fdc00000|100%| E|CS|TAMS 0x00000000fdb00000| PB 0x00000000fdb00000| Complete 
|2012|0x00000000fdc00000, 0x00000000fdd00000, 0x00000000fdd00000|100%| E|CS|TAMS 0x00000000fdc00000| PB 0x00000000fdc00000| Complete 
|2013|0x00000000fdd00000, 0x00000000fde00000, 0x00000000fde00000|100%| E|CS|TAMS 0x00000000fdd00000| PB 0x00000000fdd00000| Complete 
|2014|0x00000000fde00000, 0x00000000fdf00000, 0x00000000fdf00000|100%| E|CS|TAMS 0x00000000fde00000| PB 0x00000000fde00000| Complete 
|2015|0x00000000fdf00000, 0x00000000fe000000, 0x00000000fe000000|100%| E|CS|TAMS 0x00000000fdf00000| PB 0x00000000fdf00000| Complete 
|2016|0x00000000fe000000, 0x00000000fe100000, 0x00000000fe100000|100%| E|CS|TAMS 0x00000000fe000000| PB 0x00000000fe000000| Complete 
|2017|0x00000000fe100000, 0x00000000fe200000, 0x00000000fe200000|100%| O|  |TAMS 0x00000000fe200000| PB 0x00000000fe100000| Untracked 
|2018|0x00000000fe200000, 0x00000000fe300000, 0x00000000fe300000|100%| O|  |TAMS 0x00000000fe300000| PB 0x00000000fe200000| Untracked 
|2019|0x00000000fe300000, 0x00000000fe400000, 0x00000000fe400000|100%| O|  |TAMS 0x00000000fe400000| PB 0x00000000fe300000| Untracked 
|2020|0x00000000fe400000, 0x00000000fe500000, 0x00000000fe500000|100%| O|  |TAMS 0x00000000fe500000| PB 0x00000000fe400000| Untracked 
|2021|0x00000000fe500000, 0x00000000fe600000, 0x00000000fe600000|100%| E|CS|TAMS 0x00000000fe500000| PB 0x00000000fe500000| Complete 
|2022|0x00000000fe600000, 0x00000000fe700000, 0x00000000fe700000|100%| O|  |TAMS 0x00000000fe700000| PB 0x00000000fe600000| Untracked 
|2023|0x00000000fe700000, 0x00000000fe800000, 0x00000000fe800000|100%| O|  |TAMS 0x00000000fe800000| PB 0x00000000fe700000| Untracked 
|2024|0x00000000fe800000, 0x00000000fe900000, 0x00000000fe900000|100%| O|  |TAMS 0x00000000fe900000| PB 0x00000000fe800000| Untracked 
|2025|0x00000000fe900000, 0x00000000fea00000, 0x00000000fea00000|100%| O|  |TAMS 0x00000000fea00000| PB 0x00000000fe900000| Untracked 
|2026|0x00000000fea00000, 0x00000000feb00000, 0x00000000feb00000|100%| O|  |TAMS 0x00000000feb00000| PB 0x00000000fea00000| Untracked 
|2027|0x00000000feb00000, 0x00000000fec00000, 0x00000000fec00000|100%| O|  |TAMS 0x00000000fec00000| PB 0x00000000feb00000| Untracked 
|2028|0x00000000fec00000, 0x00000000fed00000, 0x00000000fed00000|100%| O|  |TAMS 0x00000000fed00000| PB 0x00000000fec00000| Untracked 
|2029|0x00000000fed00000, 0x00000000fee00000, 0x00000000fee00000|100%| O|  |TAMS 0x00000000fee00000| PB 0x00000000fed00000| Untracked 
|2030|0x00000000fee00000, 0x00000000fef00000, 0x00000000fef00000|100%| O|  |TAMS 0x00000000fef00000| PB 0x00000000fee00000| Untracked 
|2031|0x00000000fef00000, 0x00000000ff000000, 0x00000000ff000000|100%| O|  |TAMS 0x00000000ff000000| PB 0x00000000fef00000| Untracked 
|2032|0x00000000ff000000, 0x00000000ff100000, 0x00000000ff100000|100%| O|  |TAMS 0x00000000ff100000| PB 0x00000000ff000000| Untracked 
|2033|0x00000000ff100000, 0x00000000ff200000, 0x00000000ff200000|100%| O|  |TAMS 0x00000000ff200000| PB 0x00000000ff100000| Untracked 
|2034|0x00000000ff200000, 0x00000000ff300000, 0x00000000ff300000|100%| O|  |TAMS 0x00000000ff300000| PB 0x00000000ff200000| Untracked 
|2035|0x00000000ff300000, 0x00000000ff400000, 0x00000000ff400000|100%| O|  |TAMS 0x00000000ff400000| PB 0x00000000ff300000| Untracked 
|2036|0x00000000ff400000, 0x00000000ff500000, 0x00000000ff500000|100%| O|  |TAMS 0x00000000ff500000| PB 0x00000000ff400000| Untracked 
|2037|0x00000000ff500000, 0x00000000ff600000, 0x00000000ff600000|100%| O|  |TAMS 0x00000000ff600000| PB 0x00000000ff500000| Untracked 
|2038|0x00000000ff600000, 0x00000000ff700000, 0x00000000ff700000|100%| O|  |TAMS 0x00000000ff700000| PB 0x00000000ff600000| Untracked 
|2039|0x00000000ff700000, 0x00000000ff800000, 0x00000000ff800000|100%| O|  |TAMS 0x00000000ff800000| PB 0x00000000ff700000| Untracked 
|2040|0x00000000ff800000, 0x00000000ff900000, 0x00000000ff900000|100%| O|  |TAMS 0x00000000ff900000| PB 0x00000000ff800000| Untracked 
|2041|0x00000000ff900000, 0x00000000ffa00000, 0x00000000ffa00000|100%| O|  |TAMS 0x00000000ffa00000| PB 0x00000000ff900000| Untracked 
|2042|0x00000000ffa00000, 0x00000000ffb00000, 0x00000000ffb00000|100%| O|  |TAMS 0x00000000ffb00000| PB 0x00000000ffa00000| Untracked 
|2043|0x00000000ffb00000, 0x00000000ffc00000, 0x00000000ffc00000|100%| E|CS|TAMS 0x00000000ffb00000| PB 0x00000000ffb00000| Complete 
|2044|0x00000000ffc00000, 0x00000000ffd00000, 0x00000000ffd00000|100%| E|CS|TAMS 0x00000000ffc00000| PB 0x00000000ffc00000| Complete 
|2045|0x00000000ffd00000, 0x00000000ffe00000, 0x00000000ffe00000|100%| O|  |TAMS 0x00000000ffe00000| PB 0x00000000ffd00000| Untracked 
|2046|0x00000000ffe00000, 0x00000000fff00000, 0x00000000fff00000|100%| O|  |TAMS 0x00000000fff00000| PB 0x00000000ffe00000| Untracked 
|2047|0x00000000fff00000, 0x0000000100000000, 0x0000000100000000|100%| E|CS|TAMS 0x00000000fff00000| PB 0x00000000fff00000| Complete 

Card table byte_map: [0x0000020dafe00000,0x0000020db0200000] _byte_map_base: 0x0000020dafa00000

Marking Bits: (CMBitMap*) 0x0000020d9cd44360
 Bits: [0x0000020db0200000, 0x0000020db2200000)

Polling page: 0x0000020d9ad10000

Metaspace:

Usage:
  Non-class:     34.39 MB used.
      Class:      3.83 MB used.
       Both:     38.22 MB used.

Virtual space:
  Non-class space:       64.00 MB reserved,      34.56 MB ( 54%) committed,  1 nodes.
      Class space:        1.00 GB reserved,       4.00 MB ( <1%) committed,  1 nodes.
             Both:        1.06 GB reserved,      38.56 MB (  4%) committed. 

Chunk freelists:
   Non-Class:  12.58 MB
       Class:  11.86 MB
        Both:  24.44 MB

MaxMetaspaceSize: unlimited
CompressedClassSpaceSize: 1.00 GB
Initial GC threshold: 21.00 MB
Current GC threshold: 64.31 MB
CDS: off
 - commit_granule_bytes: 65536.
 - commit_granule_words: 8192.
 - virtual_space_node_default_size: 8388608.
 - enlarge_chunks_in_place: 1.
 - use_allocation_guard: 0.


Internal statistics:

num_allocs_failed_limit: 3.
num_arena_births: 532.
num_arena_deaths: 146.
num_vsnodes_births: 2.
num_vsnodes_deaths: 0.
num_space_committed: 616.
num_space_uncommitted: 0.
num_chunks_returned_to_freelist: 175.
num_chunks_taken_from_freelist: 1599.
num_chunk_merges: 48.
num_chunk_splits: 971.
num_chunks_enlarged: 686.
num_inconsistent_stats: 0.

CodeHeap 'non-profiled nmethods': size=118848Kb used=5945Kb max_used=7563Kb free=112902Kb
 bounds [0x0000020da72a0000, 0x0000020da7a10000, 0x0000020dae6b0000]
CodeHeap 'profiled nmethods': size=118848Kb used=4138Kb max_used=11715Kb free=114709Kb
 bounds [0x0000020d9f6b0000, 0x0000020da0250000, 0x0000020da6ac0000]
CodeHeap 'non-nmethods': size=8064Kb used=1582Kb max_used=3942Kb free=6482Kb
 bounds [0x0000020da6ac0000, 0x0000020da6eb0000, 0x0000020da72a0000]
CodeCache: size=245760Kb, used=11665Kb, max_used=23220Kb, free=234093Kb
 total_blobs=3048, nmethods=2409, adapters=543, full_count=0
Compilation: enabled, stopped_count=0, restarted_count=0

Compilation events (20 events):
Event: 4294.867 Thread 0x0000020dba0eb6a0 14162       4       net.loomchild.segment.srx.SrxTextIterator::next (223 bytes)
Event: 4294.892 Thread 0x0000020dba0eb6a0 nmethod 14162 0x0000020da78d7c10 code [0x0000020da78d7f60, 0x0000020da78d9990]
Event: 4294.892 Thread 0x0000020dba0eb6a0 14163       4       org.languagetool.tools.StringTools::isAllUppercase (104 bytes)
Event: 4294.907 Thread 0x0000020dba0eb6a0 nmethod 14163 0x0000020da7486110 code [0x0000020da7486420, 0x0000020da7487ab8]
Event: 4294.956 Thread 0x0000020dba111370 14164   !   3       jdk.proxy2.$Proxy12::configuration (36 bytes)
Event: 4294.956 Thread 0x0000020dba111370 nmethod 14164 0x0000020d9f900590 code [0x0000020d9f900780, 0x0000020d9f900d48]
Event: 4294.956 Thread 0x0000020dba111370 14165   !   3       jdk.proxy2.$Proxy12::ltexWorkspaceSpecificConfiguration (36 bytes)
Event: 4294.956 Thread 0x0000020dba111370 nmethod 14165 0x0000020d9f806890 code [0x0000020d9f806a80, 0x0000020d9f807048]
Event: 4294.985 Thread 0x0000020dba111370 14166       3       org.bsplines.ltexls.settings.Settings$Companion::fromJson (554 bytes)
Event: 4294.989 Thread 0x0000020dba111370 nmethod 14166 0x0000020d9fb16910 code [0x0000020d9fb17760, 0x0000020d9fb21f60]
Event: 4294.989 Thread 0x0000020dba111370 14167   !   3       org.bsplines.ltexls.server.DocumentChecker::check (123 bytes)
Event: 4294.990 Thread 0x0000020dba111370 nmethod 14167 0x0000020d9f80a410 code [0x0000020d9f80a700, 0x0000020d9f80b498]
Event: 4295.169 Thread 0x0000020dba0eb6a0 14168       4       org.bsplines.ltexls.parsing.latex.LatexAnnotatedTextBuilder::popMode (29 bytes)
Event: 4295.171 Thread 0x0000020dba0eb6a0 nmethod 14168 0x0000020da72c5f10 code [0x0000020da72c60c0, 0x0000020da72c6290]
Event: 4295.194 Thread 0x0000020dba0eb6a0 14169 %     4       org.languagetool.rules.WordRepeatBeginningRule::match @ 29 (386 bytes)
Event: 4295.231 Thread 0x0000020dba0eb6a0 nmethod 14169% 0x0000020da776c490 code [0x0000020da776c9a0, 0x0000020da776fd20]
Event: 4298.799 Thread 0x0000020dba0eb6a0 14170   !   4       com.google.gson.stream.JsonReader::nextInt (325 bytes)
Event: 4298.800 Thread 0x0000020dba0eb6a0 nmethod 14170 0x0000020da75e6210 code [0x0000020da75e63a0, 0x0000020da75e6500]
Event: 4301.403 Thread 0x0000020dba111370 14171       3       org.bsplines.ltexls.server.CodeActionProvider::generate (509 bytes)
Event: 4301.405 Thread 0x0000020dba111370 nmethod 14171 0x0000020d9f824590 code [0x0000020d9f824ea0, 0x0000020d9f82b2d8]

GC Heap History (20 events):
Event: 4284.354 GC heap before
{Heap before GC invocations=580 (full 0):
 garbage-first heap   total 834560K, used 785432K [0x0000000080000000, 0x0000000100000000)
  region size 1024K, 297 young (304128K), 4 survivors (4096K)
 Metaspace       used 39119K, committed 39488K, reserved 1114112K
  class space    used 3921K, committed 4096K, reserved 1048576K
}
Event: 4284.355 GC heap after
{Heap after GC invocations=581 (full 0):
 garbage-first heap   total 834560K, used 484872K [0x0000000080000000, 0x0000000100000000)
  region size 1024K, 3 young (3072K), 3 survivors (3072K)
 Metaspace       used 39119K, committed 39488K, reserved 1114112K
  class space    used 3921K, committed 4096K, reserved 1048576K
}
Event: 4290.075 GC heap before
{Heap before GC invocations=581 (full 0):
 garbage-first heap   total 834560K, used 785928K [0x0000000080000000, 0x0000000100000000)
  region size 1024K, 298 young (305152K), 3 survivors (3072K)
 Metaspace       used 39120K, committed 39488K, reserved 1114112K
  class space    used 3921K, committed 4096K, reserved 1048576K
}
Event: 4290.077 GC heap after
{Heap after GC invocations=582 (full 0):
 garbage-first heap   total 834560K, used 484689K [0x0000000080000000, 0x0000000100000000)
  region size 1024K, 2 young (2048K), 2 survivors (2048K)
 Metaspace       used 39120K, committed 39488K, reserved 1114112K
  class space    used 3921K, committed 4096K, reserved 1048576K
}
Event: 4292.370 GC heap before
{Heap before GC invocations=583 (full 0):
 garbage-first heap   total 834560K, used 787793K [0x0000000080000000, 0x0000000100000000)
  region size 1024K, 299 young (306176K), 2 survivors (2048K)
 Metaspace       used 39120K, committed 39488K, reserved 1114112K
  class space    used 3921K, committed 4096K, reserved 1048576K
}
Event: 4292.372 GC heap after
{Heap after GC invocations=584 (full 0):
 garbage-first heap   total 834560K, used 484716K [0x0000000080000000, 0x0000000100000000)
  region size 1024K, 2 young (2048K), 2 survivors (2048K)
 Metaspace       used 39120K, committed 39488K, reserved 1114112K
  class space    used 3921K, committed 4096K, reserved 1048576K
}
Event: 4292.973 GC heap before
{Heap before GC invocations=584 (full 0):
 garbage-first heap   total 834560K, used 787820K [0x0000000080000000, 0x0000000100000000)
  region size 1024K, 299 young (306176K), 2 survivors (2048K)
 Metaspace       used 39120K, committed 39488K, reserved 1114112K
  class space    used 3921K, committed 4096K, reserved 1048576K
}
Event: 4292.974 GC heap after
{Heap after GC invocations=585 (full 0):
 garbage-first heap   total 834560K, used 484648K [0x0000000080000000, 0x0000000100000000)
  region size 1024K, 2 young (2048K), 2 survivors (2048K)
 Metaspace       used 39120K, committed 39488K, reserved 1114112K
  class space    used 3921K, committed 4096K, reserved 1048576K
}
Event: 4294.504 GC heap before
{Heap before GC invocations=585 (full 0):
 garbage-first heap   total 834560K, used 787752K [0x0000000080000000, 0x0000000100000000)
  region size 1024K, 299 young (306176K), 2 survivors (2048K)
 Metaspace       used 39120K, committed 39488K, reserved 1114112K
  class space    used 3921K, committed 4096K, reserved 1048576K
}
Event: 4294.505 GC heap after
{Heap after GC invocations=586 (full 0):
 garbage-first heap   total 834560K, used 484603K [0x0000000080000000, 0x0000000100000000)
  region size 1024K, 2 young (2048K), 2 survivors (2048K)
 Metaspace       used 39120K, committed 39488K, reserved 1114112K
  class space    used 3921K, committed 4096K, reserved 1048576K
}
Event: 4294.607 GC heap before
{Heap before GC invocations=586 (full 0):
 garbage-first heap   total 834560K, used 787707K [0x0000000080000000, 0x0000000100000000)
  region size 1024K, 299 young (306176K), 2 survivors (2048K)
 Metaspace       used 39120K, committed 39488K, reserved 1114112K
  class space    used 3921K, committed 4096K, reserved 1048576K
}
Event: 4294.608 GC heap after
{Heap after GC invocations=587 (full 0):
 garbage-first heap   total 834560K, used 486113K [0x0000000080000000, 0x0000000100000000)
  region size 1024K, 4 young (4096K), 4 survivors (4096K)
 Metaspace       used 39120K, committed 39488K, reserved 1114112K
  class space    used 3921K, committed 4096K, reserved 1048576K
}
Event: 4294.846 GC heap before
{Heap before GC invocations=588 (full 0):
 garbage-first heap   total 834560K, used 785121K [0x0000000080000000, 0x0000000100000000)
  region size 1024K, 297 young (304128K), 4 survivors (4096K)
 Metaspace       used 39120K, committed 39488K, reserved 1114112K
  class space    used 3921K, committed 4096K, reserved 1048576K
}
Event: 4294.847 GC heap after
{Heap after GC invocations=589 (full 0):
 garbage-first heap   total 834560K, used 484766K [0x0000000080000000, 0x0000000100000000)
  region size 1024K, 3 young (3072K), 3 survivors (3072K)
 Metaspace       used 39120K, committed 39488K, reserved 1114112K
  class space    used 3921K, committed 4096K, reserved 1048576K
}
Event: 4295.158 GC heap before
{Heap before GC invocations=589 (full 0):
 garbage-first heap   total 834560K, used 785822K [0x0000000080000000, 0x0000000100000000)
  region size 1024K, 298 young (305152K), 3 survivors (3072K)
 Metaspace       used 39120K, committed 39488K, reserved 1114112K
  class space    used 3921K, committed 4096K, reserved 1048576K
}
Event: 4295.159 GC heap after
{Heap after GC invocations=590 (full 0):
 garbage-first heap   total 834560K, used 484624K [0x0000000080000000, 0x0000000100000000)
  region size 1024K, 2 young (2048K), 2 survivors (2048K)
 Metaspace       used 39120K, committed 39488K, reserved 1114112K
  class space    used 3921K, committed 4096K, reserved 1048576K
}
Event: 4297.078 GC heap before
{Heap before GC invocations=591 (full 0):
 garbage-first heap   total 834560K, used 787728K [0x0000000080000000, 0x0000000100000000)
  region size 1024K, 299 young (306176K), 2 survivors (2048K)
 Metaspace       used 39120K, committed 39488K, reserved 1114112K
  class space    used 3921K, committed 4096K, reserved 1048576K
}
Event: 4297.079 GC heap after
{Heap after GC invocations=592 (full 0):
 garbage-first heap   total 834560K, used 484620K [0x0000000080000000, 0x0000000100000000)
  region size 1024K, 2 young (2048K), 2 survivors (2048K)
 Metaspace       used 39120K, committed 39488K, reserved 1114112K
  class space    used 3921K, committed 4096K, reserved 1048576K
}
Event: 4305.300 GC heap before
{Heap before GC invocations=592 (full 0):
 garbage-first heap   total 834560K, used 787724K [0x0000000080000000, 0x0000000100000000)
  region size 1024K, 299 young (306176K), 2 survivors (2048K)
 Metaspace       used 39136K, committed 39488K, reserved 1114112K
  class space    used 3921K, committed 4096K, reserved 1048576K
}
Event: 4305.301 GC heap after
{Heap after GC invocations=593 (full 0):
 garbage-first heap   total 834560K, used 484606K [0x0000000080000000, 0x0000000100000000)
  region size 1024K, 2 young (2048K), 2 survivors (2048K)
 Metaspace       used 39136K, committed 39488K, reserved 1114112K
  class space    used 3921K, committed 4096K, reserved 1048576K
}

Dll operation events (9 events):
Event: 0.005 Loaded shared library c:\Users\Daniel\.vscode\extensions\ltex-plus.vscode-ltex-plus-15.6.1\lib\ltex-ls-plus-18.6.1\jdk-21.0.8+9\bin\java.dll
Event: 0.008 Loaded shared library c:\Users\Daniel\.vscode\extensions\ltex-plus.vscode-ltex-plus-15.6.1\lib\ltex-ls-plus-18.6.1\jdk-21.0.8+9\bin\zip.dll
Event: 0.036 Loaded shared library c:\Users\Daniel\.vscode\extensions\ltex-plus.vscode-ltex-plus-15.6.1\lib\ltex-ls-plus-18.6.1\jdk-21.0.8+9\bin\jsvml.dll
Event: 0.115 Loaded shared library C:\Users\Daniel\.vscode\extensions\ltex-plus.vscode-ltex-plus-15.6.1\lib\ltex-ls-plus-18.6.1\jdk-21.0.8+9\bin\net.dll
Event: 0.116 Loaded shared library C:\Users\Daniel\.vscode\extensions\ltex-plus.vscode-ltex-plus-15.6.1\lib\ltex-ls-plus-18.6.1\jdk-21.0.8+9\bin\nio.dll
Event: 0.121 Loaded shared library C:\Users\Daniel\.vscode\extensions\ltex-plus.vscode-ltex-plus-15.6.1\lib\ltex-ls-plus-18.6.1\jdk-21.0.8+9\bin\zip.dll
Event: 0.191 Loaded shared library C:\Users\Daniel\.vscode\extensions\ltex-plus.vscode-ltex-plus-15.6.1\lib\ltex-ls-plus-18.6.1\jdk-21.0.8+9\bin\jimage.dll
Event: 0.237 Loaded shared library C:\Users\Daniel\AppData\Local\Temp\jansi-2.4.2-883595d6a47d9bfb-jansi.dll
Event: 0.248 Loaded shared library c:\Users\Daniel\.vscode\extensions\ltex-plus.vscode-ltex-plus-15.6.1\lib\ltex-ls-plus-18.6.1\jdk-21.0.8+9\bin\verify.dll

Deoptimization events (20 events):
Event: 4034.676 Thread 0x0000020dbfe47cf0 DEOPT PACKING pc=0x0000020da76b3d14 sp=0x000000ce628fdaf0
Event: 4034.676 Thread 0x0000020dbfe47cf0 DEOPT UNPACKING pc=0x0000020da6b146a2 sp=0x000000ce628fda68 mode 2
Event: 4034.679 Thread 0x0000020dbfe47cf0 Uncommon trap: trap_request=0xffffff45 fr.pc=0x0000020da776d9bc relative=0x0000000000002f7c
Event: 4034.679 Thread 0x0000020dbfe47cf0 Uncommon trap: reason=unstable_if action=reinterpret pc=0x0000020da776d9bc method=kotlin.comparisons.ComparisonsKt__ComparisonsKt.compareValues(Ljava/lang/Comparable;Ljava/lang/Comparable;)I @ 2 c2
Event: 4034.679 Thread 0x0000020dbfe47cf0 DEOPT PACKING pc=0x0000020da776d9bc sp=0x000000ce628fead0
Event: 4034.679 Thread 0x0000020dbfe47cf0 DEOPT UNPACKING pc=0x0000020da6b146a2 sp=0x000000ce628fe878 mode 2
Event: 4266.740 Thread 0x0000020dbfe47cf0 DEOPT PACKING pc=0x0000020d9f825aa9 sp=0x000000ce628febe0
Event: 4266.740 Thread 0x0000020dbfe47cf0 DEOPT UNPACKING pc=0x0000020da6b14e42 sp=0x000000ce628fe0f8 mode 0
Event: 4269.717 Thread 0x0000020dbfe47cf0 DEOPT PACKING pc=0x0000020d9f82b916 sp=0x000000ce628fdb60
Event: 4269.717 Thread 0x0000020dbfe47cf0 DEOPT UNPACKING pc=0x0000020da6b14e42 sp=0x000000ce628fd0b0 mode 0
Event: 4270.930 Thread 0x0000020dbfe47cf0 Uncommon trap: trap_request=0xffffff45 fr.pc=0x0000020da77f349c relative=0x000000000000597c
Event: 4270.930 Thread 0x0000020dbfe47cf0 Uncommon trap: reason=unstable_if action=reinterpret pc=0x0000020da77f349c method=org.bsplines.ltexls.parsing.latex.LatexAnnotatedTextBuilder.processBackslash()V @ 138 c2
Event: 4270.930 Thread 0x0000020dbfe47cf0 DEOPT PACKING pc=0x0000020da77f349c sp=0x000000ce628fe640
Event: 4270.930 Thread 0x0000020dbfe47cf0 DEOPT UNPACKING pc=0x0000020da6b146a2 sp=0x000000ce628fe5e0 mode 2
Event: 4270.930 Thread 0x0000020dbfe47cf0 Uncommon trap: trap_request=0xffffff45 fr.pc=0x0000020da7844f54 relative=0x00000000000013d4
Event: 4270.930 Thread 0x0000020dbfe47cf0 Uncommon trap: reason=unstable_if action=reinterpret pc=0x0000020da7844f54 method=org.bsplines.ltexls.parsing.CharacterBasedCodeAnnotatedTextBuilder.addMarkup(Ljava/lang/String;)Lorg/bsplines/ltexls/parsing/CharacterBasedCodeAnnotatedTextBuilder; @ 13 c2
Event: 4270.930 Thread 0x0000020dbfe47cf0 DEOPT PACKING pc=0x0000020da7844f54 sp=0x000000ce628fe550
Event: 4270.930 Thread 0x0000020dbfe47cf0 DEOPT UNPACKING pc=0x0000020da6b146a2 sp=0x000000ce628fe3c8 mode 2
Event: 4273.284 Thread 0x0000020dbfe47cf0 DEOPT PACKING pc=0x0000020d9fea1f6a sp=0x000000ce628fda90
Event: 4273.284 Thread 0x0000020dbfe47cf0 DEOPT UNPACKING pc=0x0000020da6b14e42 sp=0x000000ce628fcff0 mode 0

Classes loaded (20 events):
Event: 1514.331 Loading class java/util/concurrent/CompletableFuture$UniApply
Event: 1514.332 Loading class java/util/concurrent/CompletableFuture$UniCompletion
Event: 1514.332 Loading class java/util/concurrent/CompletableFuture$UniCompletion done
Event: 1514.332 Loading class java/util/concurrent/CompletableFuture$UniApply done
Event: 1514.333 Loading class java/util/concurrent/CompletableFuture$UniAccept
Event: 1514.333 Loading class java/util/concurrent/CompletableFuture$UniAccept done
Event: 1514.333 Loading class java/util/concurrent/CompletableFuture$UniExceptionally
Event: 1514.334 Loading class java/util/concurrent/CompletableFuture$UniExceptionally done
Event: 3053.485 Loading class java/util/concurrent/CompletionException
Event: 3053.485 Loading class java/util/concurrent/CompletionException done
Event: 3204.795 Loading class java/util/logging/LogManager$CloseOnReset
Event: 3204.795 Loading class java/util/logging/LogManager$CloseOnReset done
Event: 3320.305 Loading class java/lang/Thread$ThreadNumbering
Event: 3320.305 Loading class java/lang/Thread$ThreadNumbering done
Event: 3320.305 Loading class java/time/Instant$1
Event: 3320.305 Loading class java/time/Instant$1 done
Event: 3320.306 Loading class jdk/internal/event/ThreadSleepEvent
Event: 3320.306 Loading class jdk/internal/event/ThreadSleepEvent done
Event: 3874.387 Loading class sun/util/locale/LocaleExtensions
Event: 3874.387 Loading class sun/util/locale/LocaleExtensions done

Classes unloaded (20 events):
Event: 2554.756 Thread 0x0000020db477bc40 Unloading class 0x000000010023d800 'java/lang/invoke/LambdaForm$MH+0x000000010023d800'
Event: 2554.756 Thread 0x0000020db477bc40 Unloading class 0x000000010023d400 'java/lang/invoke/LambdaForm$MH+0x000000010023d400'
Event: 2554.756 Thread 0x0000020db477bc40 Unloading class 0x000000010023c800 'java/lang/invoke/LambdaForm$MH+0x000000010023c800'
Event: 2554.756 Thread 0x0000020db477bc40 Unloading class 0x000000010023c000 'java/lang/invoke/LambdaForm$MH+0x000000010023c000'
Event: 2554.756 Thread 0x0000020db477bc40 Unloading class 0x0000000100126400 'java/lang/invoke/LambdaForm$MH+0x0000000100126400'
Event: 2554.756 Thread 0x0000020db477bc40 Unloading class 0x0000000100108000 'java/lang/invoke/LambdaForm$MH+0x0000000100108000'
Event: 3186.327 Thread 0x0000020db477bc40 Unloading class 0x0000000100389800 'java/lang/invoke/LambdaForm$MH+0x0000000100389800'
Event: 3186.327 Thread 0x0000020db477bc40 Unloading class 0x0000000100389400 'java/lang/invoke/LambdaForm$MH+0x0000000100389400'
Event: 3186.327 Thread 0x0000020db477bc40 Unloading class 0x0000000100389000 'java/lang/invoke/LambdaForm$MH+0x0000000100389000'
Event: 3186.327 Thread 0x0000020db477bc40 Unloading class 0x0000000100241800 'java/lang/invoke/LambdaForm$MH+0x0000000100241800'
Event: 3186.327 Thread 0x0000020db477bc40 Unloading class 0x0000000100241000 'java/lang/invoke/LambdaForm$MH+0x0000000100241000'
Event: 3186.327 Thread 0x0000020db477bc40 Unloading class 0x0000000100240c00 'java/lang/invoke/LambdaForm$MH+0x0000000100240c00'
Event: 3186.327 Thread 0x0000020db477bc40 Unloading class 0x0000000100240800 'java/lang/invoke/LambdaForm$MH+0x0000000100240800'
Event: 3186.327 Thread 0x0000020db477bc40 Unloading class 0x0000000100240400 'java/lang/invoke/LambdaForm$MH+0x0000000100240400'
Event: 3186.327 Thread 0x0000020db477bc40 Unloading class 0x000000010023fc00 'java/lang/invoke/LambdaForm$MH+0x000000010023fc00'
Event: 3186.327 Thread 0x0000020db477bc40 Unloading class 0x000000010023f800 'java/lang/invoke/LambdaForm$MH+0x000000010023f800'
Event: 3186.327 Thread 0x0000020db477bc40 Unloading class 0x000000010023f400 'java/lang/invoke/LambdaForm$MH+0x000000010023f400'
Event: 4265.038 Thread 0x0000020db477bc40 Unloading class 0x0000000100231800 'java/lang/invoke/LambdaForm$MH+0x0000000100231800'
Event: 4265.038 Thread 0x0000020db477bc40 Unloading class 0x0000000100231000 'java/lang/invoke/LambdaForm$MH+0x0000000100231000'
Event: 4265.038 Thread 0x0000020db477bc40 Unloading class 0x0000000100230c00 'java/lang/invoke/LambdaForm$MH+0x0000000100230c00'

Classes redefined (0 events):
No events

Internal exceptions (20 events):
Event: 8.665 Thread 0x0000020dbfe47cf0 Exception <a 'java/lang/NoSuchMethodError'{0x00000000a4a48420}: 'int java.lang.invoke.DirectMethodHandle$Holder.invokeSpecialIFC(java.lang.Object, java.lang.Object, int)'> (0x00000000a4a48420) 
thrown [s\src\hotspot\share\interpreter\linkResolver.cpp, line 773]
Event: 8.691 Thread 0x0000020dbfe47cf0 Exception <a 'java/lang/NoSuchMethodError'{0x00000000a49af8d0}: 'java.lang.Object java.lang.invoke.DirectMethodHandle$Holder.invokeVirtual(java.lang.Object, java.lang.Object, java.lang.Object, java.lang.Object)'> (0x00000000a49af8d0) 
thrown [s\src\hotspot\share\interpreter\linkResolver.cpp, line 773]
Event: 9.279 Thread 0x0000020dbfe47cf0 Implicit null exception at 0x0000020da7412844 to 0x0000020da7412f88
Event: 9.279 Thread 0x0000020dbfe47cf0 Implicit null exception at 0x0000020da734a4c0 to 0x0000020da734abf4
Event: 9.574 Thread 0x0000020dbfe47cf0 Exception <a 'java/lang/NoSuchMethodError'{0x00000000ffbbb400}: 'java.lang.Object java.lang.invoke.DirectMethodHandle$Holder.newInvokeSpecial(java.lang.Object, java.lang.Object, java.lang.Object, java.lang.Object, java.lang.Object, java.lang.Object)'> (0x00000000ffbbb400) 
thrown [s\src\hotspot\share\interpreter\linkResolver.cpp, line 773]
Event: 9.617 Thread 0x0000020dbfe47cf0 Exception <a 'java/lang/NoSuchMethodError'{0x00000000a765a438}: 'long java.lang.invoke.DirectMethodHandle$Holder.invokeStatic(java.lang.Object, java.lang.Object)'> (0x00000000a765a438) 
thrown [s\src\hotspot\share\interpreter\linkResolver.cpp, line 773]
Event: 9.618 Thread 0x0000020dbfe47cf0 Implicit null exception at 0x0000020da75e63fc to 0x0000020da75e64ac
Event: 10.243 Thread 0x0000020dbfe47cf0 Implicit null exception at 0x0000020da73b0d7c to 0x0000020da73b0e2c
Event: 10.248 Thread 0x0000020dbfe47cf0 Exception <a 'java/lang/NoSuchMethodError'{0x00000000af547af8}: 'java.lang.Object java.lang.invoke.DirectMethodHandle$Holder.newInvokeSpecial(java.lang.Object, java.lang.Object, long, java.lang.Object, java.lang.Object, java.lang.Object, java.lang.Object, java.lang.Object, java.lang.Object, java.lang.Object, java.lang.Object, java.lang.Object, java.lang.Object, java.lang.Object, java.lang.Object)'> (0x00000000af547af8) 
thrown [s\src\hotspot\share\interpreter\linkResolver.cpp, line 773]
Event: 10.298 Thread 0x0000020dbfe47cf0 Exception <a 'java/lang/NoSuchMethodError'{0x00000000af3a0678}: 'int java.lang.invoke.DirectMethodHandle$Holder.invokeVirtual(java.lang.Object, java.lang.Object, java.lang.Object, java.lang.Object)'> (0x00000000af3a0678) 
thrown [s\src\hotspot\share\interpreter\linkResolver.cpp, line 773]
Event: 10.300 Thread 0x0000020dbfe47cf0 Exception <a 'java/lang/NoSuchMethodError'{0x00000000af3b4d90}: 'java.lang.Object java.lang.invoke.DirectMethodHandle$Holder.newInvokeSpecial(java.lang.Object, java.lang.Object, java.lang.Object, int, java.lang.Object, java.lang.Object, java.lang.Object)'> (0x00000000af3b4d90) 
thrown [s\src\hotspot\share\interpreter\linkResolver.cpp, line 773]
Event: 10.406 Thread 0x0000020dbfe47cf0 Exception <a 'java/lang/NoSuchMethodError'{0x00000000aec5a2e0}: 'java.lang.Object java.lang.invoke.DirectMethodHandle$Holder.invokeSpecial(java.lang.Object, java.lang.Object, int, int, float, float, float)'> (0x00000000aec5a2e0) 
thrown [s\src\hotspot\share\interpreter\linkResolver.cpp, line 773]
Event: 10.407 Thread 0x0000020dbfe47cf0 Exception <a 'java/lang/NoSuchMethodError'{0x00000000aec636d8}: 'int java.lang.invoke.DirectMethodHandle$Holder.invokeSpecial(java.lang.Object, java.lang.Object, java.lang.Object, java.lang.Object)'> (0x00000000aec636d8) 
thrown [s\src\hotspot\share\interpreter\linkResolver.cpp, line 773]
Event: 10.418 Thread 0x0000020dbfe47cf0 Exception <a 'java/lang/NoSuchMethodError'{0x00000000aecd6918}: 'int java.lang.invoke.DirectMethodHandle$Holder.invokeVirtual(java.lang.Object, java.lang.Object)'> (0x00000000aecd6918) 
thrown [s\src\hotspot\share\interpreter\linkResolver.cpp, line 773]
Event: 1218.696 Thread 0x0000020dc20e5030 Exception <a 'java/lang/IncompatibleClassChangeError'{0x00000000a9849298}: Found class java.lang.Object, but interface was expected> (0x00000000a9849298) 
thrown [s\src\hotspot\share\interpreter\linkResolver.cpp, line 840]
Event: 1501.285 Thread 0x0000020dc20e5030 Exception <a 'java/lang/IncompatibleClassChangeError'{0x00000000abe13d40}: Found class java.lang.Object, but interface was expected> (0x00000000abe13d40) 
thrown [s\src\hotspot\share\interpreter\linkResolver.cpp, line 840]
Event: 1502.734 Thread 0x0000020dbfe47cf0 Implicit null exception at 0x0000020da7339cbd to 0x0000020da733a388
Event: 2994.401 Thread 0x0000020dc20e5030 Exception <a 'java/lang/IncompatibleClassChangeError'{0x00000000a660b308}: Found class java.lang.Object, but interface was expected> (0x00000000a660b308) 
thrown [s\src\hotspot\share\interpreter\linkResolver.cpp, line 840]
Event: 3053.484 Thread 0x0000020dc20e5030 Implicit null exception at 0x0000020da734da02 to 0x0000020da73535c4
Event: 3204.795 Thread 0x0000020dc20e5030 Exception <a 'java/lang/ClassNotFoundException'{0x00000000abfc9950}: sun/util/logging/resources/spi/loggingProvider> (0x00000000abfc9950) 
thrown [s\src\hotspot\share\classfile\systemDictionary.cpp, line 312]

ZGC Phase Switch (0 events):
No events

VM Operations (20 events):
Event: 4294.504 Executing VM operation: G1CollectForAllocation (G1 Evacuation Pause)
Event: 4294.505 Executing VM operation: G1CollectForAllocation (G1 Evacuation Pause) done
Event: 4294.592 Executing VM operation: G1PauseRemark
Event: 4294.594 Executing VM operation: G1PauseRemark done
Event: 4294.606 Executing VM operation: G1CollectForAllocation (G1 Evacuation Pause)
Event: 4294.608 Executing VM operation: G1CollectForAllocation (G1 Evacuation Pause) done
Event: 4294.617 Executing VM operation: G1PauseCleanup
Event: 4294.618 Executing VM operation: G1PauseCleanup done
Event: 4294.846 Executing VM operation: G1CollectForAllocation (G1 Evacuation Pause)
Event: 4294.847 Executing VM operation: G1CollectForAllocation (G1 Evacuation Pause) done
Event: 4295.158 Executing VM operation: G1CollectForAllocation (G1 Evacuation Pause)
Event: 4295.159 Executing VM operation: G1CollectForAllocation (G1 Evacuation Pause) done
Event: 4295.246 Executing VM operation: G1PauseRemark
Event: 4295.248 Executing VM operation: G1PauseRemark done
Event: 4295.270 Executing VM operation: G1PauseCleanup
Event: 4295.270 Executing VM operation: G1PauseCleanup done
Event: 4297.078 Executing VM operation: G1CollectForAllocation (G1 Evacuation Pause)
Event: 4297.079 Executing VM operation: G1CollectForAllocation (G1 Evacuation Pause) done
Event: 4305.300 Executing VM operation: G1CollectForAllocation (G1 Evacuation Pause)
Event: 4305.301 Executing VM operation: G1CollectForAllocation (G1 Evacuation Pause) done

Memory protections (0 events):
No events

Nmethod flushes (20 events):
Event: 4284.187 Thread 0x0000020db477bc40 flushing  nmethod 0x0000020d9f744310
Event: 4284.187 Thread 0x0000020db477bc40 flushing  nmethod 0x0000020da72eac90
Event: 4284.187 Thread 0x0000020db477bc40 flushing  nmethod 0x0000020da72d5c10
Event: 4284.187 Thread 0x0000020db477bc40 flushing  nmethod 0x0000020da788a310
Event: 4284.187 Thread 0x0000020db477bc40 flushing  nmethod 0x0000020da7937d10
Event: 4284.187 Thread 0x0000020db477bc40 flushing  nmethod 0x0000020da7404210
Event: 4284.187 Thread 0x0000020db477bc40 flushing  nmethod 0x0000020d9f6b3810
Event: 4284.187 Thread 0x0000020db477bc40 flushing  nmethod 0x0000020da736be90
Event: 4284.187 Thread 0x0000020db477bc40 flushing  nmethod 0x0000020da736d890
Event: 4284.187 Thread 0x0000020db477bc40 flushing  nmethod 0x0000020d9f7dc190
Event: 4284.187 Thread 0x0000020db477bc40 flushing  nmethod 0x0000020da7485d10
Event: 4284.187 Thread 0x0000020db477bc40 flushing  nmethod 0x0000020da7643310
Event: 4284.187 Thread 0x0000020db477bc40 flushing  nmethod 0x0000020da764ad90
Event: 4284.187 Thread 0x0000020db477bc40 flushing  nmethod 0x0000020da73e7610
Event: 4284.187 Thread 0x0000020db477bc40 flushing  nmethod 0x0000020da74bbf10
Event: 4284.187 Thread 0x0000020db477bc40 flushing  nmethod 0x0000020da74bcc10
Event: 4284.187 Thread 0x0000020db477bc40 flushing  nmethod 0x0000020da792eb10
Event: 4290.174 Thread 0x0000020db477bc40 flushing  nmethod 0x0000020d9f742290
Event: 4294.594 Thread 0x0000020db477bc40 flushing  nmethod 0x0000020d9fc49410
Event: 4295.248 Thread 0x0000020db477bc40 flushing  nmethod 0x0000020d9f830190

Events (20 events):
Event: 4034.490 Thread 0x0000020dbcb83730 Thread added: 0x0000020dbacf8fd0
Event: 4039.718 Thread 0x0000020dbacf8fd0 Thread exited: 0x0000020dbacf8fd0
Event: 4039.718 Thread 0x0000020dbc5c7c60 Thread exited: 0x0000020dbc5c7c60
Event: 4039.718 Thread 0x0000020dbf87ab40 Thread exited: 0x0000020dbf87ab40
Event: 4039.718 Thread 0x0000020dbc5c6ec0 Thread exited: 0x0000020dbc5c6ec0
Event: 4039.718 Thread 0x0000020dbf87b210 Thread exited: 0x0000020dbf87b210
Event: 4044.718 Thread 0x0000020dbcb82990 Thread exited: 0x0000020dbcb82990
Event: 4044.718 Thread 0x0000020dbc5c8330 Thread exited: 0x0000020dbc5c8330
Event: 4049.722 Thread 0x0000020dbcb822c0 Thread exited: 0x0000020dbcb822c0
Event: 4049.722 Thread 0x0000020dbcb83730 Thread exited: 0x0000020dbcb83730
Event: 4265.090 Thread 0x0000020dba111370 Thread added: 0x0000020dbcb83730
Event: 4265.090 Thread 0x0000020dba111370 Thread added: 0x0000020dbcb82990
Event: 4265.091 Thread 0x0000020dba111370 Thread added: 0x0000020dbcb822c0
Event: 4265.091 Thread 0x0000020dba111370 Thread added: 0x0000020dbc5c6ec0
Event: 4265.091 Thread 0x0000020dba111370 Thread added: 0x0000020dbc5c8a00
Event: 4265.808 Thread 0x0000020dbc5c8a00 Thread exited: 0x0000020dbc5c8a00
Event: 4265.808 Thread 0x0000020dbc5c6ec0 Thread exited: 0x0000020dbc5c6ec0
Event: 4265.808 Thread 0x0000020dbcb822c0 Thread exited: 0x0000020dbcb822c0
Event: 4265.808 Thread 0x0000020dbcb82990 Thread exited: 0x0000020dbcb82990
Event: 4266.043 Thread 0x0000020dbcb83730 Thread exited: 0x0000020dbcb83730


Dynamic libraries:
0x00007ff722770000 - 0x00007ff72277e000 	c:\Users\Daniel\.vscode\extensions\ltex-plus.vscode-ltex-plus-15.6.1\lib\ltex-ls-plus-18.6.1\jdk-21.0.8+9\bin\java.exe
0x00007ffbbe280000 - 0x00007ffbbe4e7000 	C:\WINDOWS\SYSTEM32\ntdll.dll
0x00007ffbbcbd0000 - 0x00007ffbbcc99000 	C:\WINDOWS\System32\KERNEL32.DLL
0x00007ffbbba30000 - 0x00007ffbbbe1f000 	C:\WINDOWS\System32\KERNELBASE.dll
0x00007ffbbb780000 - 0x00007ffbbb8cb000 	C:\WINDOWS\System32\ucrtbase.dll
0x00007ffb9f4c0000 - 0x00007ffb9f4de000 	c:\Users\Daniel\.vscode\extensions\ltex-plus.vscode-ltex-plus-15.6.1\lib\ltex-ls-plus-18.6.1\jdk-21.0.8+9\bin\VCRUNTIME140.dll
0x00007ffb94bf0000 - 0x00007ffb94c08000 	c:\Users\Daniel\.vscode\extensions\ltex-plus.vscode-ltex-plus-15.6.1\lib\ltex-ls-plus-18.6.1\jdk-21.0.8+9\bin\jli.dll
0x00007ffbbdad0000 - 0x00007ffbbdc95000 	C:\WINDOWS\System32\USER32.dll
0x00007ffbbba00000 - 0x00007ffbbba27000 	C:\WINDOWS\System32\win32u.dll
0x00007ffb9ea30000 - 0x00007ffb9ecc3000 	C:\WINDOWS\WinSxS\amd64_microsoft.windows.common-controls_6595b64144ccf1df_6.0.26100.7309_none_3e05feeae336a044\COMCTL32.dll
0x00007ffbbd240000 - 0x00007ffbbd26b000 	C:\WINDOWS\System32\GDI32.dll
0x00007ffbbcd30000 - 0x00007ffbbcdd9000 	C:\WINDOWS\System32\msvcrt.dll
0x00007ffbbb8d0000 - 0x00007ffbbb9fc000 	C:\WINDOWS\System32\gdi32full.dll
0x00007ffbbbe30000 - 0x00007ffbbbed3000 	C:\WINDOWS\System32\msvcp_win.dll
0x00007ffbbda90000 - 0x00007ffbbdac1000 	C:\WINDOWS\System32\IMM32.DLL
0x00007ffbb2c00000 - 0x00007ffbb2c0c000 	c:\Users\Daniel\.vscode\extensions\ltex-plus.vscode-ltex-plus-15.6.1\lib\ltex-ls-plus-18.6.1\jdk-21.0.8+9\bin\vcruntime140_1.dll
0x00007ffb351f0000 - 0x00007ffb3527d000 	c:\Users\Daniel\.vscode\extensions\ltex-plus.vscode-ltex-plus-15.6.1\lib\ltex-ls-plus-18.6.1\jdk-21.0.8+9\bin\msvcp140.dll
0x00007ffaccd80000 - 0x00007ffacdb17000 	c:\Users\Daniel\.vscode\extensions\ltex-plus.vscode-ltex-plus-15.6.1\lib\ltex-ls-plus-18.6.1\jdk-21.0.8+9\bin\server\jvm.dll
0x00007ffbbdf70000 - 0x00007ffbbe024000 	C:\WINDOWS\System32\ADVAPI32.dll
0x00007ffbbcb00000 - 0x00007ffbbcba6000 	C:\WINDOWS\System32\sechost.dll
0x00007ffbbc020000 - 0x00007ffbbc138000 	C:\WINDOWS\System32\RPCRT4.dll
0x00007ffbbccb0000 - 0x00007ffbbcd24000 	C:\WINDOWS\System32\WS2_32.dll
0x00007ffbbb080000 - 0x00007ffbbb0de000 	C:\WINDOWS\SYSTEM32\POWRPROF.dll
0x00007ffbb3e90000 - 0x00007ffbb3e9b000 	C:\WINDOWS\SYSTEM32\VERSION.dll
0x00007ffbaac50000 - 0x00007ffbaac85000 	C:\WINDOWS\SYSTEM32\WINMM.dll
0x00007ffbbb060000 - 0x00007ffbbb074000 	C:\WINDOWS\SYSTEM32\UMPDC.dll
0x00007ffbba140000 - 0x00007ffbba15b000 	C:\WINDOWS\SYSTEM32\kernel.appcore.dll
0x00007ffbb2bc0000 - 0x00007ffbb2bca000 	c:\Users\Daniel\.vscode\extensions\ltex-plus.vscode-ltex-plus-15.6.1\lib\ltex-ls-plus-18.6.1\jdk-21.0.8+9\bin\jimage.dll
0x00007ffbb8950000 - 0x00007ffbb8b92000 	C:\WINDOWS\SYSTEM32\DBGHELP.DLL
0x00007ffbbd700000 - 0x00007ffbbda86000 	C:\WINDOWS\System32\combase.dll
0x00007ffbbd050000 - 0x00007ffbbd126000 	C:\WINDOWS\System32\OLEAUT32.dll
0x00007ffb9c360000 - 0x00007ffb9c39c000 	C:\WINDOWS\SYSTEM32\dbgcore.DLL
0x00007ffbbbee0000 - 0x00007ffbbbf85000 	C:\WINDOWS\System32\bcryptPrimitives.dll
0x00007ffb94bd0000 - 0x00007ffb94bef000 	c:\Users\Daniel\.vscode\extensions\ltex-plus.vscode-ltex-plus-15.6.1\lib\ltex-ls-plus-18.6.1\jdk-21.0.8+9\bin\java.dll
0x00007ffb949b0000 - 0x00007ffb949c8000 	c:\Users\Daniel\.vscode\extensions\ltex-plus.vscode-ltex-plus-15.6.1\lib\ltex-ls-plus-18.6.1\jdk-21.0.8+9\bin\zip.dll
0x00007ffbbc3a0000 - 0x00007ffbbcaf3000 	C:\WINDOWS\System32\SHELL32.dll
0x00007ffbbb490000 - 0x00007ffbbb5fa000 	C:\WINDOWS\System32\wintypes.dll
0x00007ffbb8fb0000 - 0x00007ffbb980e000 	C:\WINDOWS\SYSTEM32\windows.storage.dll
0x00007ffbbe140000 - 0x00007ffbbe235000 	C:\WINDOWS\System32\SHCORE.dll
0x00007ffbbcfd0000 - 0x00007ffbbd036000 	C:\WINDOWS\System32\shlwapi.dll
0x00007ffbbb2f0000 - 0x00007ffbbb319000 	C:\WINDOWS\SYSTEM32\profapi.dll
0x00007ffb16e30000 - 0x00007ffb16f07000 	c:\Users\Daniel\.vscode\extensions\ltex-plus.vscode-ltex-plus-15.6.1\lib\ltex-ls-plus-18.6.1\jdk-21.0.8+9\bin\jsvml.dll
0x00007ffb94fd0000 - 0x00007ffb94fe0000 	C:\Users\Daniel\.vscode\extensions\ltex-plus.vscode-ltex-plus-15.6.1\lib\ltex-ls-plus-18.6.1\jdk-21.0.8+9\bin\net.dll
0x00007ffbb2ce0000 - 0x00007ffbb2e08000 	C:\WINDOWS\SYSTEM32\WINHTTP.dll
0x00007ffbba690000 - 0x00007ffbba6fb000 	C:\WINDOWS\system32\mswsock.dll
0x00007ffb944e0000 - 0x00007ffb944f6000 	C:\Users\Daniel\.vscode\extensions\ltex-plus.vscode-ltex-plus-15.6.1\lib\ltex-ls-plus-18.6.1\jdk-21.0.8+9\bin\nio.dll
0x00007ffb943b0000 - 0x00007ffb943d4000 	C:\Users\Daniel\AppData\Local\Temp\jansi-2.4.2-883595d6a47d9bfb-jansi.dll
0x00007ffb94ee0000 - 0x00007ffb94ef0000 	c:\Users\Daniel\.vscode\extensions\ltex-plus.vscode-ltex-plus-15.6.1\lib\ltex-ls-plus-18.6.1\jdk-21.0.8+9\bin\verify.dll

JVMTI agents: none

dbghelp: loaded successfully - version: 4.0.5 - missing functions: none
symbol engine: initialized successfully - sym options: 0x614 - pdb path: .;c:\Users\Daniel\.vscode\extensions\ltex-plus.vscode-ltex-plus-15.6.1\lib\ltex-ls-plus-18.6.1\jdk-21.0.8+9\bin;C:\WINDOWS\SYSTEM32;C:\WINDOWS\WinSxS\amd64_microsoft.windows.common-controls_6595b64144ccf1df_6.0.26100.7309_none_3e05feeae336a044;c:\Users\Daniel\.vscode\extensions\ltex-plus.vscode-ltex-plus-15.6.1\lib\ltex-ls-plus-18.6.1\jdk-21.0.8+9\bin\server;C:\Users\Daniel\AppData\Local\Temp

VM Arguments:
jvm_args: -Xms64m -Xmx2048m -Dapp.name=ltex-ls-plus -Dapp.repo=c:\Users\Daniel\.vscode\extensions\ltex-plus.vscode-ltex-plus-15.6.1\lib\ltex-ls-plus-18.6.1\lib -Dapp.home=c:\Users\Daniel\.vscode\extensions\ltex-plus.vscode-ltex-plus-15.6.1\lib\ltex-ls-plus-18.6.1 -Dbasedir=c:\Users\Daniel\.vscode\extensions\ltex-plus.vscode-ltex-plus-15.6.1\lib\ltex-ls-plus-18.6.1 
java_command: org.bsplines.ltexls.LtexLanguageServerLauncher
java_class_path (initial): c:\Users\Daniel\.vscode\extensions\ltex-plus.vscode-ltex-plus-15.6.1\lib\ltex-ls-plus-18.6.1\etc;c:\Users\Daniel\.vscode\extensions\ltex-plus.vscode-ltex-plus-15.6.1\lib\ltex-ls-plus-18.6.1\lib\aho-corasick-double-array-trie-1.2.2.jar;c:\Users\Daniel\.vscode\extensions\ltex-plus.vscode-ltex-plus-15.6.1\lib\ltex-ls-plus-18.6.1\lib\angus-activation-2.0.2.jar;c:\Users\Daniel\.vscode\extensions\ltex-plus.vscode-ltex-plus-15.6.1\lib\ltex-ls-plus-18.6.1\lib\animal-sniffer-annotations-1.24.jar;c:\Users\Daniel\.vscode\extensions\ltex-plus.vscode-ltex-plus-15.6.1\lib\ltex-ls-plus-18.6.1\lib\annotations-12.0.jar;c:\Users\Daniel\.vscode\extensions\ltex-plus.vscode-ltex-plus-15.6.1\lib\ltex-ls-plus-18.6.1\lib\annotations-13.0.jar;c:\Users\Daniel\.vscode\extensions\ltex-plus.vscode-ltex-plus-15.6.1\lib\ltex-ls-plus-18.6.1\lib\annotations-4.1.1.4.jar;c:\Users\Daniel\.vscode\extensions\ltex-plus.vscode-ltex-plus-15.6.1\lib\ltex-ls-plus-18.6.1\lib\asturian-pos-dict-0.1.jar;c:\Users\Daniel\.vscode\extensions\ltex-plus.vscode-ltex-plus-15.6.1\lib\ltex-ls-plus-18.6.1\lib\catalan-pos-dict-2.27.jar;c:\Users\Daniel\.vscode\extensions\ltex-plus.vscode-ltex-plus-15.6.1\lib\ltex-ls-plus-18.6.1\lib\checker-qual-3.43.0.jar;c:\Users\Daniel\.vscode\extensions\ltex-plus.vscode-ltex-plus-15.6.1\lib\ltex-ls-plus-18.6.1\lib\commons-digester-2.1.jar;c:\Users\Daniel\.vscode\extensions\ltex-plus.vscode-ltex-plus-15.6.1\lib\ltex-ls-plus-18.6.1\lib\commons-lang3-3.18.0.jar;c:\Users\Daniel\.vscode\extensions\ltex-plus.vscode-ltex-plus-15.6.1\lib\ltex-ls-plus-18.6.1\lib\commons-logging-1.3.4.jar;c:\Users\Daniel\.vscode\extensions\ltex-plus.vscode-ltex-plus-15.6.1\lib\ltex-ls-plus-18.6.1\lib\commons-pool2-2.12.0.jar;c:\Users\Daniel\.vscode\extensions\ltex-plus.vscode-ltex-plus-15.6.1\lib\ltex-ls-plus-18.6.1\lib\commons-text-1.12.0.jar;c:\Users\Daniel\.vscode\extensions\ltex-plus.vscode-ltex-plus-15.6.1\lib\ltex-ls-plus-18.6.1\lib\commons-validator-1.9.0.jar;c:\Users\Daniel\.vscode\extensions\ltex-plus.vscode-ltex-plus-15.6.1\lib\ltex-ls-plus-18.6.1\lib\dutch-pos-dict-0.1.jar;c:\Users\Daniel\.vscode\extensions\ltex-plus.vscode-ltex-plus-15.6.1\lib\ltex-ls-plus-18.6.1\lib\english-pos-dict-0.6.jar;c:\Users\Daniel\.vscode\extensions\ltex-plus.vscode-ltex-plus-15.6.1\lib\ltex-ls-plus-18.6.1\lib\error_prone_annotations-2.38.0.jar;c:\Users\Daniel\.vscode\extensions\ltex-plus.vscode-ltex-plus-15.6.1\lib\ltex-ls-plus-18.6.1\lib\error_prone_annotations-2.41.0.jar;c:\Users\Daniel\.vscode\extensions\ltex-plus.vscode-ltex-plus-15.6.1\lib\ltex-ls-plus-18.6.1\lib\failureaccess-1.0.2.jar;c:\Users\Daniel\.vscode\extensions\ltex-plus.vscode-ltex-plus-15.6.1\lib\ltex-ls-plus-18.6.1\lib\fastutil-core-8.5.14.jar;c:\Users\Daniel\.vscode\extensions\ltex-plus.vscode-ltex-plus-15.6.1\lib\ltex-ls-plus-18.6.1\lib\flexmark-0.64.8.jar;c:\Users\Daniel\.vscode\extensions\ltex-plus.vscode-ltex-plus-15.6.1\lib\ltex-ls-plus-18.6.1\lib\flexmark-ext-definition-0.64.8.jar;c:\Users\Daniel\.vscode\extensions\ltex-plus.vscode-ltex-plus-15.6.1\lib\ltex-ls-plus-18.6.1\lib\flexmark-ext-gfm-strikethrough-0.64.8.jar;c:\Users\Daniel\.vscode\extensions\ltex-plus.vscode-ltex-plus-15.6.1\lib\ltex-ls-plus-18.6.1\lib\flexmark-ext-gitlab-0.64.8.jar;c:\Users\Daniel\.vscode\extensions\ltex-plus.vscode-ltex-plus-15.6.1\lib\ltex-ls-plus-18.6.1\lib\flexmark-ext-tables-0.64.8.jar;c:\Users\Daniel\.vscode\extensions\ltex-plus.vscode-ltex-plus-15.6.1\lib\ltex-ls-plus-18.6.1\lib\flexmark-ext-yaml-front-matter-0.64.8.jar;c:\Users\Daniel\.vscode\extensions\ltex-plus.vscode-ltex-plus-15.6.1\lib\ltex-ls-plus-18.6.1\lib\flexmark-test-util-0.64.8.jar;c:\Users\Daniel\.vscode\extensions\ltex-plus.vscode-ltex-plus-15.6.1\lib\ltex-ls-plus-18.6.1\lib\flexmark-util-0.64.8.jar;c:\Users\Daniel\.vscode\extensions\ltex-plus.vscode-ltex-plus-15.6.1\lib\ltex-ls-plus-18.6.1\lib\flexmark-util-ast-0.64.8.jar;c:\Users\Daniel\.vscode\extensions\ltex-plus.vscode-ltex-plus-15.6.1\lib\ltex-ls-plus-18.6.1\lib\flexmark-util-builder-0.64.8.jar;c:\Users\Daniel\.vscode\extensions\ltex-plus.vscode-ltex-plus-15.6.1\lib\ltex-ls-plus-18.6.1\lib\flexmark-util-collection-0.64.8.jar;c:\Users\Daniel\.vscode\extensions\ltex-plus.vscode-ltex-plus-15.6.1\lib\ltex-ls-plus-18.6.1\lib\flexmark-util-data-0.64.8.jar;c:\Users\Daniel\.vscode\extensions\ltex-plus.vscode-ltex-plus-15.6.1\lib\ltex-ls-plus-18.6.1\lib\flexmark-util-dependency-0.64.8.jar;c:\Users\Daniel\.vscode\extensions\ltex-plus.vscode-ltex-plus-15.6.1\lib\ltex-ls-plus-18.6.1\lib\flexmark-util-format-0.64.8.jar;c:\Users\Daniel\.vscode\extensions\ltex-plus.vscode-ltex-plus-15.6.1\lib\ltex-ls-plus-18.6.1\lib\flexmark-util-html-0.64.8.jar;c:\Users\Daniel\.vscode\extensions\ltex-plus.vscode-ltex-plus-15.6.1\lib\ltex-ls-plus-18.6.1\lib\flexmark-util-misc-0.64.8.jar;c:\Users\Daniel\.vscode\extensions\ltex-plus.vscode-ltex-plus-15.6.1\lib\ltex-ls-plus-18.6.1\lib\flexmark-util-options-0.64.8.jar;c:\Users\Daniel\.vscode\extensions\ltex-plus.vscode-ltex-plus-15.6.1\lib\ltex-ls-plus-18.6.1\lib\flexmark-util-sequence-0.64.8.jar;c:\Users\Daniel\.vscode\extensions\ltex-plus.vscode-ltex-plus-15.6.1\lib\ltex-ls-plus-18.6.1\lib\flexmark-util-visitor-0.64.8.jar;c:\Users\Daniel\.vscode\extensions\ltex-plus.vscode-ltex-plus-15.6.1\lib\ltex-ls-plus-18.6.1\lib\french-pos-dict-0.7.jar;c:\Users\Daniel\.vscode\extensions\ltex-plus.vscode-ltex-plus-15.6.1\lib\ltex-ls-plus-18.6.1\lib\german-pos-dict-1.2.4.jar;c:\Users\Daniel\.vscode\extensions\ltex-plus.vscode-ltex-plus-15.6.1\lib\ltex-ls-plus-18.6.1\lib\grpc-api-1.75.0.jar;c:\Users\Daniel\.vscode\extensions\ltex-plus.vscode-ltex-plus-15.6.1\lib\ltex-ls-plus-18.6.1\lib\grpc-context-1.75.0.jar;c:\Users\Daniel\.vscode\extensions\ltex-plus.vscode-ltex-plus-15.6.1\lib\ltex-ls-plus-18.6.1\lib\grpc-core-1.75.0.jar;c:\Users\Daniel\.vscode\extensions\ltex-plus.vscode-ltex-plus-15.6.1\lib\ltex-ls-plus-18.6.1\lib\grpc-netty-shaded-1.75.0.jar;c:\Users\Daniel\.vscode\extensions\ltex-plus.vscode-ltex-plus-15.6.1\lib\ltex-ls-plus-18.6.1\lib\grpc-protobuf-1.75.0.jar;c:\Users\Daniel\.vscode\extensions\ltex-plus.vscode-ltex-plus-15.6.1\lib\ltex-ls-plus-18.6.1\lib\grpc-protobuf-lite-1.75.0.jar;c:\Users\Daniel\.vscode\extensions\ltex-plus.vscode-ltex-plus-15.6.1\lib\ltex-ls-plus-18.6.1\lib\grpc-stub-1.75.0.jar;c:\Users\Daniel\.vscode\extensions\ltex-plus.vscode-ltex-plus-15.6.1\lib\ltex-ls-plus-18.6.1\lib\grpc-util-1.75.0.jar;c:\Users\Daniel\.vscode\extensions\ltex-plus.vscode-ltex-plus-15.6.1\lib\ltex-ls-plus-18.6.1\lib\gson-2.13.1.jar;c:\Users\Daniel\.vscode\extensions\ltex-plus.vscode-ltex-plus-15.6.1\lib\ltex-ls-plus-18.6.1\lib\gson-2.13.2.jar;c:\Users\Daniel\.vscode\extensions\ltex-plus.vscode-ltex-plus-15.6.1\lib\ltex-ls-plus-18.6.1\lib\guava-33.3.1-jre.jar;c:\Users\Daniel\.vscode\extensions\ltex-plus.vscode-ltex-plus-15.6.1\lib\ltex-ls-plus-18.6.1\lib\hamcrest-core-1.3.jar;c:\Users\Daniel\.vscode\extensions\ltex-plus.vscode-ltex-plus-15.6.1\lib\ltex-ls-plus-18.6.1\lib\hanlp-portable-1.8.2.jar;c:\Users\Daniel\.vscode\extensions\ltex-plus.vscode-ltex-plus-15.6.1\lib\ltex-ls-plus-18.6.1\lib\HdrHistogram-2.1.12.jar;c:\Users\Daniel\.vscode\extensions\ltex-plus.vscode-ltex-plus-15.6.1\lib\ltex-ls-plus-18.6.1\lib\hppc-0.8.2.jar;c:\Users\Daniel\.vscode\extensions\ltex-plus.vscode-ltex-plus-15.6.1\lib\ltex-ls-plus-18.6.1\lib\hunspell-2.1.2.jar;c:\Users\Daniel\.vscode\extensions\ltex-plus.vscode-ltex-plus-15.6.1\lib\ltex-ls-plus-18.6.1\lib\icu4j-77.1.jar;c:\Users\Daniel\.vscode\extensions\ltex-plus.vscode-ltex-plus-15.6.1\lib\ltex-ls-plus-18.6.1\lib\indriya-1.3.jar;c:\Users\Daniel\.vscode\extensions\ltex-plus.vscode-ltex-plus-15.6.1\lib\ltex-ls-plus-18.6.1\lib\istack-commons-runtime-4.1.2.jar;c:\Users\Daniel\.vscode\extensions\ltex-plus.vscode-ltex-plus-15.6.1\lib\ltex-ls-plus-18.6.1\lib\j2objc-annotations-3.0.0.jar;c:\Users\Daniel\.vscode\extensions\ltex-plus.vscode-ltex-plus-15.6.1\lib\ltex-ls-plus-18.6.1\lib\jackson-annotations-2.18.0.jar;c:\Users\Daniel\.vscode\extensions\ltex-plus.vscode-ltex-plus-15.6.1\lib\ltex-ls-plus-18.6.1\lib\jackson-core-2.18.0.jar;c:\Users\Daniel\.vscode\extensions\ltex-plus.vscode-ltex-plus-15.6.1\lib\ltex-ls-plus-18.6.1\lib\jackson-databind-2.18.0.jar;c:\Users\Daniel\.vscode\extensions\ltex-plus.vscode-ltex-plus-15.6.1\lib\ltex-ls-plus-18.6.1\lib\jakarta.activation-1.2.2.jar;c:\Users\Daniel\.vscode\extensions\ltex-plus.vscode-ltex-plus-15.6.1\lib\ltex-ls-plus-18.6.1\lib\jakarta.activation-api-2.1.3.jar;c:\Users\Daniel\.vscode\extensions\ltex-plus.vscode-ltex-plus-15.6.1\lib\ltex-ls-plus-18.6.1\lib\jakarta.xml.bind-api-2.3.3.jar;c:\Users\Daniel\.vscode\extensions\ltex-plus.vscode-ltex-plus-15.6.1\lib\ltex-ls-plus-18.6.1\lib\jansi-2.4.2.jar;c:\Users\Daniel\.vscode\extensions\ltex-plus.vscode-ltex-plus-15.6.1\lib\ltex-ls-plus-18.6.1\lib\java-diff-utils-4.12.jar;c:\Users\Daniel\.vscode\extensions\ltex-plus.vscode-ltex-plus-15.6.1\lib\ltex-ls-plus-18.6.1\lib\javax.activation-api-1.2.0.jar;c:\Users\Daniel\.vscode\extensions\ltex-plus.vscode-ltex-plus-15.6.1\lib\ltex-ls-plus-18.6.1\lib\javax.annotation-api-1.3.2.jar;c:\Users\Daniel\.vscode\extensions\ltex-plus.vscode-ltex-plus-15.6.1\lib\ltex-ls-plus-18.6.1\lib\jaxb-api-2.3.1.jar;c:\Users\Daniel\.vscode\extensions\ltex-plus.vscode-ltex-plus-15.6.1\lib\ltex-ls-plus-18.6.1\lib\jaxb-core-2.3.0.1.jar;c:\Users\Daniel\.vscode\extensions\ltex-plus.vscode-ltex-plus-15.6.1\lib\ltex-ls-plus-18.6.1\lib\jaxb-core-4.0.5.jar;c:\Users\Daniel\.vscode\extensions\ltex-plus.vscode-ltex-plus-15.6.1\lib\ltex-ls-plus-18.6.1\lib\jaxb-impl-2.3.3.jar;c:\Users\Daniel\.vscode\extensions\ltex-plus.vscode-ltex-plus-15.6.1\lib\ltex-ls-plus-18.6.1\lib\jaxb-runtime-4.0.5.jar;c:\Users\Daniel\.vscode\extensions\ltex-plus.vscode-ltex-plus-15.6.1\lib\ltex-ls-plus-18.6.1\lib\jna-5.12.1.jar;c:\Users\Daniel\.vscode\extensions\ltex-plus.vscode-ltex-plus-15.6.1\lib\ltex-ls-plus-18.6.1\lib\jna-platform-5.12.1.jar;c:\Users\Daniel\.vscode\extensions\ltex-plus.vscode-ltex-plus-15.6.1\lib\ltex-ls-plus-18.6.1\lib\json-20240303.jar;c:\Users\Daniel\.vscode\extensions\ltex-plus.vscode-ltex-plus-15.6.1\lib\ltex-ls-plus-18.6.1\lib\jsonic-1.2.11.jar;c:\Users\Daniel\.vscode\extensions\ltex-plus.vscode-ltex-plus-15.6.1\lib\ltex-ls-plus-18.6.1\lib\jsr305-3.0.2.jar;c:\Users\Daniel\.vscode\extensions\ltex-plus.vscode-ltex-plus-15.6.1\lib\ltex-ls-plus-18.6.1\lib\junit-4.13.2.jar;c:\Users\Daniel\.vscode\extensions\ltex-plus.vscode-ltex-plus-15.6.1\lib\ltex-ls-plus-18.6.1\lib\jwordsplitter-4.7.jar;c:\Users\Daniel\.vscode\extensions\ltex-plus.vscode-ltex-plus-15.6.1\lib\ltex-ls-plus-18.6.1\lib\kotlin-stdlib-2.2.10.jar;c:\Users\Daniel\.vscode\extensions\ltex-plus.vscode-ltex-plus-15.6.1\lib\ltex-ls-plus-18.6.1\lib\kotlin-stdlib-2.2.20.jar;c:\Users\Daniel\.vscode\extensions\ltex-plus.vscode-ltex-plus-15.6.1\lib\ltex-ls-plus-18.6.1\lib\language-all-6.7.jar;c:\Users\Daniel\.vscode\extensions\ltex-plus.vscode-ltex-plus-15.6.1\lib\ltex-ls-plus-18.6.1\lib\language-ar-6.7.jar;c:\Users\Daniel\.vscode\extensions\ltex-plus.vscode-ltex-plus-15.6.1\lib\ltex-ls-plus-18.6.1\lib\language-ast-6.7.jar;c:\Users\Daniel\.vscode\extensions\ltex-plus.vscode-ltex-plus-15.6.1\lib\ltex-ls-plus-18.6.1\lib\language-be-6.7.jar;c:\Users\Daniel\.vscode\extensions\ltex-plus.vscode-ltex-plus-15.6.1\lib\ltex-ls-plus-18.6.1\lib\language-br-6.7.jar;c:\Users\Daniel\.vscode\extensions\ltex-plus.vscode-ltex-plus-15.6.1\lib\ltex-ls-plus-18.6.1\lib\language-ca-6.7.jar;c:\Users\Daniel\.vscode\extensions\ltex-plus.vscode-ltex-plus-15.6.1\lib\ltex-ls-plus-18.6.1\lib\language-crh-6.7.jar;c:\Users\Daniel\.vscode\extensions\ltex-plus.vscode-ltex-plus-15.6.1\lib\ltex-ls-plus-18.6.1\lib\language-da-6.7.jar;c:\Users\Daniel\.vscode\extensions\ltex-plus.vscode-ltex-plus-15.6.1\lib\ltex-ls-plus-18.6.1\lib\language-de-6.7.jar;c:\Users\Daniel\.vscode\extensions\ltex-plus.vscode-ltex-plus-15.6.1\lib\ltex-ls-plus-18.6.1\lib\language-de-DE-x-simple-language-6.7.jar;c:\Users\Daniel\.vscode\extensions\ltex-plus.vscode-ltex-plus-15.6.1\lib\ltex-ls-plus-18.6.1\lib\language-detector-0.6.jar;c:\Users\Daniel\.vscode\extensions\ltex-plus.vscode-ltex-plus-15.6.1\lib\ltex-ls-plus-18.6.1\lib\language-el-6.7.jar;c:\Users\Daniel\.vscode\extensions\ltex-plus.vscode-ltex-plus-15.6.1\lib\ltex-ls-plus-18.6.1\lib\language-en-6.7.jar;c:\Users\Daniel\.vscode\extensions\ltex-plus.vscode-ltex-plus-15.6.1\lib\ltex-ls-plus-18.6.1\lib\language-eo-6.7.jar;c:\Users\Daniel\.vscode\extensions\ltex-plus.vscode-ltex-plus-15.6.1\lib\ltex-ls-plus-18.6.1\lib\language-es-6.7.jar;c:\Users\Daniel\.vscode\extensions\ltex-plus.vscode-ltex-plus-15.6.1\lib\ltex-ls-plus-18.6.1\lib\language-fa-6.7.jar;c:\Users\Daniel\.vscode\extensions\ltex-plus.vscode-ltex-plus-15.6.1\lib\ltex-ls-plus-18.6.1\lib\language-fr-6.7.jar;c:\Users\Daniel\.vscode\extensions\ltex-plus.vscode-ltex-plus-15.6.1\lib\ltex-ls-plus-18.6.1\lib\language-ga-6.7.jar;c:\Users\Daniel\.vscode\extensions\ltex-plus.vscode-ltex-plus-15.6.1\lib\ltex-ls-plus-18.6.1\lib\language-gl-6.7.jar;c:\Users\Daniel\.vscode\extensions\ltex-plus.vscode-ltex-plus-15.6.1\lib\ltex-ls-plus-18.6.1\lib\language-it-6.7.jar;c:\Users\Daniel\.vscode\extensions\ltex-plus.vscode-ltex-plus-15.6.1\lib\ltex-ls-plus-18.6.1\lib\language-ja-6.7.jar;c:\Users\Daniel\.vscode\extensions\ltex-plus.vscode-ltex-plus-15.6.1\lib\ltex-ls-plus-18.6.1\lib\language-km-6.7.jar;c:\Users\Daniel\.vscode\extensions\ltex-plus.vscode-ltex-plus-15.6.1\lib\ltex-ls-plus-18.6.1\lib\language-nl-6.7.jar;c:\Users\Daniel\.vscode\extensions\ltex-plus.vscode-ltex-plus-15.6.1\lib\ltex-ls-plus-18.6.1\lib\language-pl-6.7.jar;c:\Users\Daniel\.vscode\extensions\ltex-plus.vscode-ltex-plus-15.6.1\lib\ltex-ls-plus-18.6.1\lib\language-pt-6.7.jar;c:\Users\Daniel\.vscode\extensions\ltex-plus.vscode-ltex-plus-15.6.1\lib\ltex-ls-plus-18.6.1\lib\language-ro-6.7.jar;c:\Users\Daniel\.vscode\extensions\ltex-plus.vscode-ltex-plus-15.6.1\lib\ltex-ls-plus-18.6.1\lib\language-ru-6.7.jar;c:\Users\Daniel\.vscode\extensions\ltex-plus.vscode-ltex-plus-15.6.1\lib\ltex-ls-plus-18.6.1\lib\language-sk-6.7.jar;c:\Users\Daniel\.vscode\extensions\ltex-plus.vscode-ltex-plus-15.6.1\lib\ltex-ls-plus-18.6.1\lib\language-sl-6.7.jar;c:\Users\Daniel\.vscode\extensions\ltex-plus.vscode-ltex-plus-15.6.1\lib\ltex-ls-plus-18.6.1\lib\language-sv-6.7.jar;c:\Users\Daniel\.vscode\extensions\ltex-plus.vscode-ltex-plus-15.6.1\lib\ltex-ls-plus-18.6.1\lib\language-ta-6.7.jar;c:\Users\Daniel\.vscode\extensions\ltex-plus.vscode-ltex-plus-15.6.1\lib\ltex-ls-plus-18.6.1\lib\language-tl-6.7.jar;c:\Users\Daniel\.vscode\extensions\ltex-plus.vscode-ltex-plus-15.6.1\lib\ltex-ls-plus-18.6.1\lib\language-uk-6.7.jar;c:\Users\Daniel\.vscode\extensions\ltex-plus.vscode-ltex-plus-15.6.1\lib\ltex-ls-plus-18.6.1\lib\language-zh-6.7.jar;c:\Users\Daniel\.vscode\extensions\ltex-plus.vscode-ltex-plus-15.6.1\lib\ltex-ls-plus-18.6.1\lib\languagetool-core-6.7.jar;c:\Users\Daniel\.vscode\extensions\ltex-plus.vscode-ltex-plus-15.6.1\lib\ltex-ls-plus-18.6.1\lib\languagetool-ga-dicts-0.02.jar;c:\Users\Daniel\.vscode\extensions\ltex-plus.vscode-ltex-plus-15.6.1\lib\ltex-ls-plus-18.6.1\lib\LatencyUtils-2.0.3.jar;c:\Users\Daniel\.vscode\extensions\ltex-plus.vscode-ltex-plus-15.6.1\lib\ltex-ls-plus-18.6.1\lib\linguistics.grammardb.spell.languagetool-1.0.2.jar;c:\Users\Daniel\.vscode\extensions\ltex-plus.vscode-ltex-plus-15.6.1\lib\ltex-ls-plus-18.6.1\lib\listenablefuture-9999.0-empty-to-avoid-conflict-with-guava.jar;c:\Users\Daniel\.vscode\extensions\ltex-plus.vscode-ltex-plus-15.6.1\lib\ltex-ls-plus-18.6.1\lib\lspcli-2.2.1.jar;c:\Users\Daniel\.vscode\extensions\ltex-plus.vscode-ltex-plus-15.6.1\lib\ltex-ls-plus-18.6.1\lib\ltexls-plus-18.6.1.jar;c:\Users\Daniel\.vscode\extensions\ltex-plus.vscode-ltex-plus-15.6.1\lib\ltex-ls-plus-18.6.1\lib\lucene-backward-codecs-5.5.5.jar;c:\Users\Daniel\.vscode\extensions\ltex-plus.vscode-ltex-plus-15.6.1\lib\ltex-ls-plus-18.6.1\lib\lucene-core-5.5.5.jar;c:\Users\Daniel\.vscode\extensions\ltex-plus.vscode-ltex-plus-15.6.1\lib\ltex-ls-plus-18.6.1\lib\lucene-gosen-6.2.1-ipadic.jar;c:\Users\Daniel\.vscode\extensions\ltex-plus.vscode-ltex-plus-15.6.1\lib\ltex-ls-plus-18.6.1\lib\micrometer-core-1.7.12.jar;c:\Users\Daniel\.vscode\extensions\ltex-plus.vscode-ltex-plus-15.6.1\lib\ltex-ls-plus-18.6.1\lib\micrometer-registry-prometheus-1.7.12.jar;c:\Users\Daniel\.vscode\extensions\ltex-plus.vscode-ltex-plus-15.6.1\lib\ltex-ls-plus-18.6.1\lib\morfologik-crh-lt-1.0.1.jar;c:\Users\Daniel\.vscode\extensions\ltex-plus.vscode-ltex-plus-15.6.1\lib\ltex-ls-plus-18.6.1\lib\morfologik-fsa-2.1.9.jar;c:\Users\Daniel\.vscode\extensions\ltex-plus.vscode-ltex-plus-15.6.1\lib\ltex-ls-plus-18.6.1\lib\morfologik-fsa-builders-2.1.9.jar;c:\Users\Daniel\.vscode\extensions\ltex-plus.vscode-ltex-plus-15.6.1\lib\ltex-ls-plus-18.6.1\lib\morfologik-speller-2.1.9.jar;c:\Users\Daniel\.vscode\extensions\ltex-plus.vscode-ltex-plus-15.6.1\lib\ltex-ls-plus-18.6.1\lib\morfologik-stemming-2.1.9.jar;c:\Users\Daniel\.vscode\extensions\ltex-plus.vscode-ltex-plus-15.6.1\lib\ltex-ls-plus-18.6.1\lib\morfologik-ukrainian-lt-6.7.1.jar;c:\Users\Daniel\.vscode\extensions\ltex-plus.vscode-ltex-plus-15.6.1\lib\ltex-ls-plus-18.6.1\lib\morphology-el-1.0.0.jar;c:\Users\Daniel\.vscode\extensions\ltex-plus.vscode-ltex-plus-15.6.1\lib\ltex-ls-plus-18.6.1\lib\opennlp-chunk-models-1.5.jar;c:\Users\Daniel\.vscode\extensions\ltex-plus.vscode-ltex-plus-15.6.1\lib\ltex-ls-plus-18.6.1\lib\opennlp-postag-models-1.5.jar;c:\Users\Daniel\.vscode\extensions\ltex-plus.vscode-ltex-plus-15.6.1\lib\ltex-ls-plus-18.6.1\lib\opennlp-tokenize-models-1.5.jar;c:\Users\Daniel\.vscode\extensions\ltex-plus.vscode-ltex-plus-15.6.1\lib\ltex-ls-plus-18.6.1\lib\opennlp-tools-1.9.4.jar;c:\Users\Daniel\.vscode\extensions\ltex-plus.vscode-ltex-plus-15.6.1\lib\ltex-ls-plus-18.6.1\lib\openregex-1.1.1.jar;c:\Users\Daniel\.vscode\extensions\ltex-plus.vscode-ltex-plus-15.6.1\lib\ltex-ls-plus-18.6.1\lib\opentelemetry-api-1.42.1.jar;c:\Users\Daniel\.vscode\extensions\ltex-plus.vscode-ltex-plus-15.6.1\lib\ltex-ls-plus-18.6.1\lib\opentelemetry-context-1.42.1.jar;c:\Users\Daniel\.vscode\extensions\ltex-plus.vscode-ltex-plus-15.6.1\lib\ltex-ls-plus-18.6.1\lib\opentelemetry-semconv-1.30.1-alpha.jar;c:\Users\Daniel\.vscode\extensions\ltex-plus.vscode-ltex-plus-15.6.1\lib\ltex-ls-plus-18.6.1\lib\org.eclipse.lsp4j-0.24.0.jar;c:\Users\Daniel\.vscode\extensions\ltex-plus.vscode-ltex-plus-15.6.1\lib\ltex-ls-plus-18.6.1\lib\org.eclipse.lsp4j.jsonrpc-0.24.0.jar;c:\Users\Daniel\.vscode\extensions\ltex-plus.vscode-ltex-plus-15.6.1\lib\ltex-ls-plus-18.6.1\lib\perfmark-api-0.27.0.jar;c:\Users\Daniel\.vscode\extensions\ltex-plus.vscode-ltex-plus-15.6.1\lib\ltex-ls-plus-18.6.1\lib\picocli-4.7.7.jar;c:\Users\Daniel\.vscode\extensions\ltex-plus.vscode-ltex-plus-15.6.1\lib\ltex-ls-plus-18.6.1\lib\portuguese-pos-dict-1.2.0.jar;c:\Users\Daniel\.vscode\extensions\ltex-plus.vscode-ltex-plus-15.6.1\lib\ltex-ls-plus-18.6.1\lib\proto-google-common-protos-2.59.2.jar;c:\Users\Daniel\.vscode\extensions\ltex-plus.vscode-ltex-plus-15.6.1\lib\ltex-ls-plus-18.6.1\lib\protobuf-java-3.25.8.jar;c:\Users\Daniel\.vscode\extensions\ltex-plus.vscode-ltex-plus-15.6.1\lib\ltex-ls-plus-18.6.1\lib\resilience4j-circuitbreaker-1.7.1.jar;c:\Users\Daniel\.vscode\extensions\ltex-plus.vscode-ltex-plus-15.6.1\lib\ltex-ls-plus-18.6.1\lib\resilience4j-core-1.7.1.jar;c:\Users\Daniel\.vscode\extensions\ltex-plus.vscode-ltex-plus-15.6.1\lib\ltex-ls-plus-18.6.1\lib\resilience4j-micrometer-1.7.1.jar;c:\Users\Daniel\.vscode\extensions\ltex-plus.vscode-ltex-plus-15.6.1\lib\ltex-ls-plus-18.6.1\lib\segment-2.0.3.jar;c:\Users\Daniel\.vscode\extensions\ltex-plus.vscode-ltex-plus-15.6.1\lib\ltex-ls-plus-18.6.1\lib\simpleclient-0.16.0.jar;c:\Users\Daniel\.vscode\extensions\ltex-plus.vscode-ltex-plus-15.6.1\lib\ltex-ls-plus-18.6.1\lib\simpleclient_common-0.10.0.jar;c:\Users\Daniel\.vscode\extensions\ltex-plus.vscode-ltex-plus-15.6.1\lib\ltex-ls-plus-18.6.1\lib\simpleclient_guava-0.16.0.jar;c:\Users\Daniel\.vscode\extensions\ltex-plus.vscode-ltex-plus-15.6.1\lib\ltex-ls-plus-18.6.1\lib\simpleclient_tracer_common-0.16.0.jar;c:\Users\Daniel\.vscode\extensions\ltex-plus.vscode-ltex-plus-15.6.1\lib\ltex-ls-plus-18.6.1\lib\simpleclient_tracer_otel-0.16.0.jar;c:\Users\Daniel\.vscode\extensions\ltex-plus.vscode-ltex-plus-15.6.1\lib\ltex-ls-plus-18.6.1\lib\simpleclient_tracer_otel_agent-0.16.0.jar;c:\Users\Daniel\.vscode\extensions\ltex-plus.vscode-ltex-plus-15.6.1\lib\ltex-ls-plus-18.6.1\lib\slf4j-api-2.0.16.jar;c:\Users\Daniel\.vscode\extensions\ltex-plus.vscode-ltex-plus-15.6.1\lib\ltex-ls-plus-18.6.1\lib\slf4j-nop-2.0.17.jar;c:\Users\Daniel\.vscode\extensions\ltex-plus.vscode-ltex-plus-15.6.1\lib\ltex-ls-plus-18.6.1\lib\spanish-pos-dict-2.5.jar;c:\Users\Daniel\.vscode\extensions\ltex-plus.vscode-ltex-plus-15.6.1\lib\ltex-ls-plus-18.6.1\lib\stax2-api-4.2.2.jar;c:\Users\Daniel\.vscode\extensions\ltex-plus.vscode-ltex-plus-15.6.1\lib\ltex-ls-plus-18.6.1\lib\txw2-4.0.5.jar;c:\Users\Daniel\.vscode\extensions\ltex-plus.vscode-ltex-plus-15.6.1\lib\ltex-ls-plus-18.6.1\lib\unit-api-1.0.jar;c:\Users\Daniel\.vscode\extensions\ltex-plus.vscode-ltex-plus-15.6.1\lib\ltex-ls-plus-18.6.1\lib\uom-lib-common-1.1.jar;c:\Users\Daniel\.vscode\extensions\ltex-plus.vscode-ltex-plus-15.6.1\lib\ltex-ls-plus-18.6.1\lib\vavr-0.10.2.jar;c:\Users\Daniel\.vscode\extensions\ltex-plus.vscode-ltex-plus-15.6.1\lib\ltex-ls-plus-18.6.1\lib\vavr-match-0.10.2.jar;c:\Users\Daniel\.vscode\extensions\ltex-plus.vscode-ltex-plus-15.6.1\lib\ltex-ls-plus-18.6.1\lib\woodstox-core-7.1.1.jar
Launcher Type: SUN_STANDARD

[Global flags]
     intx CICompilerCount                          = 15                                        {product} {ergonomic}
     uint ConcGCThreads                            = 6                                         {product} {ergonomic}
     uint G1ConcRefinementThreads                  = 23                                        {product} {ergonomic}
   size_t G1HeapRegionSize                         = 1048576                                   {product} {ergonomic}
    uintx GCDrainStackTargetSize                   = 64                                        {product} {ergonomic}
   size_t InitialHeapSize                          = 67108864                                  {product} {command line}
   size_t MarkStackSize                            = 4194304                                   {product} {ergonomic}
   size_t MaxHeapSize                              = 2147483648                                {product} {command line}
   size_t MaxNewSize                               = 1287651328                                {product} {ergonomic}
   size_t MinHeapDeltaBytes                        = 1048576                                   {product} {ergonomic}
   size_t MinHeapSize                              = 67108864                                  {product} {command line}
    uintx NonNMethodCodeHeapSize                   = 8192380                                {pd product} {ergonomic}
    uintx NonProfiledCodeHeapSize                  = 121732930                              {pd product} {ergonomic}
    uintx ProfiledCodeHeapSize                     = 121732930                              {pd product} {ergonomic}
    uintx ReservedCodeCacheSize                    = 251658240                              {pd product} {ergonomic}
     bool SegmentedCodeCache                       = true                                      {product} {ergonomic}
   size_t SoftMaxHeapSize                          = 2147483648                             {manageable} {ergonomic}
     bool UseCompressedOops                        = true                           {product lp64_product} {ergonomic}
     bool UseG1GC                                  = true                                      {product} {ergonomic}
     bool UseLargePagesIndividualAllocation        = false                                  {pd product} {ergonomic}

Logging:
Log output configuration:
 #0: stdout all=warning uptime,level,tags foldmultilines=false
 #1: stderr all=off uptime,level,tags foldmultilines=false

Environment Variables:
JAVA_HOME=c:\Users\Daniel\.vscode\extensions\ltex-plus.vscode-ltex-plus-15.6.1\lib\ltex-ls-plus-18.6.1\jdk-21.0.8+9
CLASSPATH="c:\Users\Daniel\.vscode\extensions\ltex-plus.vscode-ltex-plus-15.6.1\lib\ltex-ls-plus-18.6.1"\etc;"c:\Users\Daniel\.vscode\extensions\ltex-plus.vscode-ltex-plus-15.6.1\lib\ltex-ls-plus-18.6.1\lib"\*
PATH=C:\Program Files\Eclipse Adoptium\jdk-21.0.8.9-hotspot\bin;C:\Python313\Scripts\;C:\Python313\;C:\Program Files\Eclipse Adoptium\jdk-17.0.15.6-hotspot\bin;C:\WINDOWS\system32;C:\WINDOWS;C:\WINDOWS\System32\Wbem;C:\WINDOWS\System32\WindowsPowerShell\v1.0\;C:\WINDOWS\System32\OpenSSH\;C:\Program Files\NVIDIA Corporation\NVIDIA App\NvDLISR;C:\Program Files (x86)\NVIDIA Corporation\PhysX\Common;C:\msys64\mingw64\bin;C:\Users\Daniel\miniconda3;C:\Users\Daniel\miniconda3\Scripts;C:\Users\Daniel\miniconda3\Library\bin;C:\Program Files\Docker\Docker\resources\bin;C:\Program Files\nodejs\;C:\ProgramData\chocolatey\bin;C:\Program Files\nssm-2.24\win64\;C:\Program Files\Git\cmd;C:\Program Files\PowerShell\7\;C:\Users\Daniel\AppData\Local\Programs\Python\Python312\;C:\Users\Daniel\AppData\Local\Programs\Python\Python312\Scripts\;C:\Users\Daniel\AppData\Local\Programs\Python\Python312\;C:\Users\Daniel\.console-ninja\.bin;C:\Users\Daniel\AppData\Local\Microsoft\WindowsApps;C:\Users\Daniel\miniconda3;C:\Users\Daniel\miniconda3\Scripts;C:\Users\Daniel\miniconda3\Library\bin;C:\Program Files\Eclipse Adoptium\jdk-21.0.7.6-hotspot\bin\java.exe;C:\Program Files\Eclipse Adoptium\jdk-17.0.15.6-hotspot\bin\java.exe;%JAVA_HOME%\bin;C:\Users\Daniel\AppData\Roaming\npm;C:\texlive\2025\bin\windows;C:\Users\Daniel\AppData\Local\Programs\Ollama;C:\Users\Daniel\AppData\Local\Programs\Microsoft VS Code\bin
USERNAME=Daniel
OS=Windows_NT
PROCESSOR_IDENTIFIER=AMD64 Family 25 Model 33 Stepping 2, AuthenticAMD
TMP=C:\Users\Daniel\AppData\Local\Temp
TEMP=C:\Users\Daniel\AppData\Local\Temp




Periodic native trim disabled

---------------  S Y S T E M  ---------------

OS:
 Windows 11 , 64 bit Build 26100 (10.0.26100.7623)
OS uptime: 2 days 14:03 hours
Hyper-V role detected

CPU: total 32 (initial active 32) (32 cores per cpu, 2 threads per core) family 25 model 33 stepping 2 microcode 0xa20120e, cx8, cmov, fxsr, ht, mmx, 3dnowpref, sse, sse2, sse3, ssse3, sse4a, sse4.1, sse4.2, popcnt, lzcnt, tsc, tscinvbit, avx, avx2, aes, erms, clmul, bmi1, bmi2, adx, sha, fma, vzeroupper, clflush, clflushopt, hv, rdtscp, rdpid, fsrm, f16c, cet_ss
Processor Information for the first 32 processors :
  Max Mhz: 3401, Current Mhz: 3401, Mhz Limit: 3401

Memory: 4k page, system-wide physical 65460M (37401M free)
TotalPageFile size 76212M (AvailPageFile size 35849M)
current process WorkingSet (physical memory assigned to process): 1051M, peak: 1077M
current process commit charge ("private bytes"): 1108M, peak: 1136M

vm_info: OpenJDK 64-Bit Server VM (21.0.8+9-LTS) for windows-amd64 JRE (21.0.8+9-LTS), built on 2025-07-15T00:00:00Z by "admin" with MS VC++ 17.7 (VS2022)

END.
